transactionHash	asset	assetReference	blockTimestamp	blockHeight	exchangeRate	trace#	address	direction	amount	name	category
7b5c1eb408afab5c0b70ffe2ba953b89a5e797dee39b128caad169fd7b11419e	USDT_TRX	asset-v2:bip122:00000000000000001ebf88508a03865c:TR7NHqjeKQxGTCi8q8ZY4pL8otSzgjLj6t	2025-02-20T13:56:51Z	69802488	1.0001128774670818	0	TSHWYemZvVgxMJmMGWyNRkDFa46rvdboNs	SENDING	181.975376		
7b5c1eb408afab5c0b70ffe2ba953b89a5e797dee39b128caad169fd7b11419e	USDT_TRX	asset-v2:bip122:00000000000000001ebf88508a03865c:TR7NHqjeKQxGTCi8q8ZY4pL8otSzgjLj6t	2025-02-20T13:56:51Z	69802488	1.0001128774670818	0	TAgEaCZGoReTs5WtKTbzDoVYMyioYCF4os	RECEIVING	181.975376		
cdd680ea88f134a7b04b6d81b88985d54b6c83929a63b35971b5380cdbe7d109	USDT_TRX	asset-v2:bip122:00000000000000001ebf88508a03865c:TR7NHqjeKQxGTCi8q8ZY4pL8otSzgjLj6t	2025-02-20T13:57:33Z	69802502	1.0001128774670818	0	TAgEaCZGoReTs5WtKTbzDoVYMyioYCF4os	SENDING	100		
cdd680ea88f134a7b04b6d81b88985d54b6c83929a63b35971b5380cdbe7d109	USDT_TRX	asset-v2:bip122:00000000000000001ebf88508a03865c:TR7NHqjeKQxGTCi8q8ZY4pL8otSzgjLj6t	2025-02-20T13:57:33Z	69802502	1.0001128774670818	0	TRVHboFUJ3ucUSRTRNpTN9nYoeuQ1LVvgD	RECEIVING	100		
d9dd058ad758e9e59273a433b4d492e12fa248503abf5f1c1286d15ca06c6a9c	USDT_TRX	asset-v2:bip122:00000000000000001ebf88508a03865c:TR7NHqjeKQxGTCi8q8ZY4pL8otSzgjLj6t	2025-02-20T13:58:12Z	69802515	1.0001128774670818	0	TAgEaCZGoReTs5WtKTbzDoVYMyioYCF4os	SENDING	10		
d9dd058ad758e9e59273a433b4d492e12fa248503abf5f1c1286d15ca06c6a9c	USDT_TRX	asset-v2:bip122:00000000000000001ebf88508a03865c:TR7NHqjeKQxGTCi8q8ZY4pL8otSzgjLj6t	2025-02-20T13:58:12Z	69802515	1.0001128774670818	0	TBgjERoUD8vWQcnskv5THst4hiRyHFGobD	RECEIVING	10		
c11723f457b58097b3336a352f5edb3ded953ab971bf2266c04fbbf6a0f01972	USDT_TRX	asset-v2:bip122:00000000000000001ebf88508a03865c:TR7NHqjeKQxGTCi8q8ZY4pL8otSzgjLj6t	2025-02-20T14:03:03Z	69802612	1.0001959256459727	0	TM1zzNDZD2DPASbKcgdVoTYhfmYgtfwx9R	SENDING	31112.856282	OKX.com	exchange
c11723f457b58097b3336a352f5edb3ded953ab971bf2266c04fbbf6a0f01972	USDT_TRX	asset-v2:bip122:00000000000000001ebf88508a03865c:TR7NHqjeKQxGTCi8q8ZY4pL8otSzgjLj6t	2025-02-20T14:03:03Z	69802612	1.0001959256459727	0	TAgEaCZGoReTs5WtKTbzDoVYMyioYCF4os	RECEIVING	31112.856282		
f587128748ddc60dc04488b07c1f9bd20ff166dc2d319d3a861380295f988a52	USDT_TRX	asset-v2:bip122:00000000000000001ebf88508a03865c:TR7NHqjeKQxGTCi8q8ZY4pL8otSzgjLj6t	2025-02-20T14:38:45Z	69803326	1.0001959256459727	0	TM1zzNDZD2DPASbKcgdVoTYhfmYgtfwx9R	SENDING	49400.101319	OKX.com	exchange
f587128748ddc60dc04488b07c1f9bd20ff166dc2d319d3a861380295f988a52	USDT_TRX	asset-v2:bip122:00000000000000001ebf88508a03865c:TR7NHqjeKQxGTCi8q8ZY4pL8otSzgjLj6t	2025-02-20T14:38:45Z	69803326	1.0001959256459727	0	TAgEaCZGoReTs5WtKTbzDoVYMyioYCF4os	RECEIVING	49400.101319		
38f48abb4ea51f4fd11a3859790c05b8cf7ea4461a198f96b95a644ada5929c1	USDT_TRX	asset-v2:bip122:00000000000000001ebf88508a03865c:TR7NHqjeKQxGTCi8q8ZY4pL8otSzgjLj6t	2025-02-21T12:15:42Z	69829257	1.0001217146849644	0	TM1zzNDZD2DPASbKcgdVoTYhfmYgtfwx9R	SENDING	975.324038	OKX.com	exchange
38f48abb4ea51f4fd11a3859790c05b8cf7ea4461a198f96b95a644ada5929c1	USDT_TRX	asset-v2:bip122:00000000000000001ebf88508a03865c:TR7NHqjeKQxGTCi8q8ZY4pL8otSzgjLj6t	2025-02-21T12:15:42Z	69829257	1.0001217146849644	0	TAgEaCZGoReTs5WtKTbzDoVYMyioYCF4os	RECEIVING	975.324038		
153cd9a9b2705d40092e4d652ae9880f5e6c4d983c4152bcf508918b12ecf138	USDT_TRX	asset-v2:bip122:00000000000000001ebf88508a03865c:TR7NHqjeKQxGTCi8q8ZY4pL8otSzgjLj6t	2025-02-21T12:59:42Z	69830137	1.0001217146849644	0	TM1zzNDZD2DPASbKcgdVoTYhfmYgtfwx9R	SENDING	12436.307665	OKX.com	exchange
153cd9a9b2705d40092e4d652ae9880f5e6c4d983c4152bcf508918b12ecf138	USDT_TRX	asset-v2:bip122:00000000000000001ebf88508a03865c:TR7NHqjeKQxGTCi8q8ZY4pL8otSzgjLj6t	2025-02-21T12:59:42Z	69830137	1.0001217146849644	0	TAgEaCZGoReTs5WtKTbzDoVYMyioYCF4os	RECEIVING	12436.307665		
cfdffa110bfdb2f24639f78b4c601d929db6801073a2a378dd8c2311d0410455	USDT_TRX	asset-v2:bip122:00000000000000001ebf88508a03865c:TR7NHqjeKQxGTCi8q8ZY4pL8otSzgjLj6t	2025-02-21T13:05:15Z	69830248	1.0001917669043685	0	TM1zzNDZD2DPASbKcgdVoTYhfmYgtfwx9R	SENDING	67049.341062	OKX.com	exchange
cfdffa110bfdb2f24639f78b4c601d929db6801073a2a378dd8c2311d0410455	USDT_TRX	asset-v2:bip122:00000000000000001ebf88508a03865c:TR7NHqjeKQxGTCi8q8ZY4pL8otSzgjLj6t	2025-02-21T13:05:15Z	69830248	1.0001917669043685	0	TAgEaCZGoReTs5WtKTbzDoVYMyioYCF4os	RECEIVING	67049.341062		
5fa96ffada8179953018503c5092b9cd05d583245773e422082dac8e78892c71	USDT_TRX	asset-v2:bip122:00000000000000001ebf88508a03865c:TR7NHqjeKQxGTCi8q8ZY4pL8otSzgjLj6t	2025-02-22T04:24:09Z	69848622	1.0000343246194663	0	TJgJvK8Ypih7NNtjSYSTNXPCk6X2cPB2QB	SENDING	181122		
5fa96ffada8179953018503c5092b9cd05d583245773e422082dac8e78892c71	USDT_TRX	asset-v2:bip122:00000000000000001ebf88508a03865c:TR7NHqjeKQxGTCi8q8ZY4pL8otSzgjLj6t	2025-02-22T04:24:09Z	69848622	1.0000343246194663	0	TAgEaCZGoReTs5WtKTbzDoVYMyioYCF4os	RECEIVING	181122		
c48d5a2b7176037c0c59f948ae8cfadf4d4f8c2e9537d30982f1148f0a38bd1a	USDT_TRX	asset-v2:bip122:00000000000000001ebf88508a03865c:TR7NHqjeKQxGTCi8q8ZY4pL8otSzgjLj6t	2025-02-22T06:17:39Z	69850890	1.0000337893243962	0	TJgJvK8Ypih7NNtjSYSTNXPCk6X2cPB2QB	SENDING	310286		
c48d5a2b7176037c0c59f948ae8cfadf4d4f8c2e9537d30982f1148f0a38bd1a	USDT_TRX	asset-v2:bip122:00000000000000001ebf88508a03865c:TR7NHqjeKQxGTCi8q8ZY4pL8otSzgjLj6t	2025-02-22T06:17:39Z	69850890	1.0000337893243962	0	TAgEaCZGoReTs5WtKTbzDoVYMyioYCF4os	RECEIVING	310286		
2a8f2d88007aff38c20c89806d326fe4c85c53a295afe18e8e5344c933ca4363	USDT_TRX	asset-v2:bip122:00000000000000001ebf88508a03865c:TR7NHqjeKQxGTCi8q8ZY4pL8otSzgjLj6t	2025-02-22T06:25:12Z	69851041	1.0000337893243962	0	TM1zzNDZD2DPASbKcgdVoTYhfmYgtfwx9R	SENDING	48	OKX.com	exchange
2a8f2d88007aff38c20c89806d326fe4c85c53a295afe18e8e5344c933ca4363	USDT_TRX	asset-v2:bip122:00000000000000001ebf88508a03865c:TR7NHqjeKQxGTCi8q8ZY4pL8otSzgjLj6t	2025-02-22T06:25:12Z	69851041	1.0000337893243962	0	TAgEaCZGoReTs5WtKTbzDoVYMyioYCF4os	RECEIVING	48		
4671b04cb29650914d8af14c56f9de6faf69073243b4c659c01894709657856a	USDT_TRX	asset-v2:bip122:00000000000000001ebf88508a03865c:TR7NHqjeKQxGTCi8q8ZY4pL8otSzgjLj6t	2025-02-22T07:56:18Z	69852863	0.9999210773213814	0	TM1zzNDZD2DPASbKcgdVoTYhfmYgtfwx9R	SENDING	35250.696272	OKX.com	exchange
4671b04cb29650914d8af14c56f9de6faf69073243b4c659c01894709657856a	USDT_TRX	asset-v2:bip122:00000000000000001ebf88508a03865c:TR7NHqjeKQxGTCi8q8ZY4pL8otSzgjLj6t	2025-02-22T07:56:18Z	69852863	0.9999210773213814	0	TAgEaCZGoReTs5WtKTbzDoVYMyioYCF4os	RECEIVING	35250.696272		
ebea1c6cb89af64b00cff7a9fe30863753f8a92d7bb185e96eb5105f9be86165	USDT_TRX	asset-v2:bip122:00000000000000001ebf88508a03865c:TR7NHqjeKQxGTCi8q8ZY4pL8otSzgjLj6t	2025-02-23T05:48:57Z	69879110	1.0001629830459848	0	TAgEaCZGoReTs5WtKTbzDoVYMyioYCF4os	SENDING	92091		
ebea1c6cb89af64b00cff7a9fe30863753f8a92d7bb185e96eb5105f9be86165	USDT_TRX	asset-v2:bip122:00000000000000001ebf88508a03865c:TR7NHqjeKQxGTCi8q8ZY4pL8otSzgjLj6t	2025-02-23T05:48:57Z	69879110	1.0001629830459848	0	TCMvRFdWKjkujvmYnQa2uf3o9GmFVvAdt3	RECEIVING	92091		
ef65e2fe48360f43c57d268f3a2c1edb523814ca50b235ccc75d5bf712d28626	USDT_TRX	asset-v2:bip122:00000000000000001ebf88508a03865c:TR7NHqjeKQxGTCi8q8ZY4pL8otSzgjLj6t	2025-02-23T05:49:15Z	69879116	1.0001629830459848	0	TCM4BTh3PzH4dvq8e5kyjb13NNJoVvAdt3	SENDING	0.092091		
ef65e2fe48360f43c57d268f3a2c1edb523814ca50b235ccc75d5bf712d28626	USDT_TRX	asset-v2:bip122:00000000000000001ebf88508a03865c:TR7NHqjeKQxGTCi8q8ZY4pL8otSzgjLj6t	2025-02-23T05:49:15Z	69879116	1.0001629830459848	0	TAgEaCZGoReTs5WtKTbzDoVYMyioYCF4os	RECEIVING	0.092091		
3c1d9bffa58037ce9f8032032cedac18b23b48a3cda44af42a6b5e9dd8d93ed1	USDT_TRX	asset-v2:bip122:00000000000000001ebf88508a03865c:TR7NHqjeKQxGTCi8q8ZY4pL8otSzgjLj6t	2025-02-23T05:55:03Z	69879232	1.0001629830459848	0	TAgEaCZGoReTs5WtKTbzDoVYMyioYCF4os	SENDING	275716		
3c1d9bffa58037ce9f8032032cedac18b23b48a3cda44af42a6b5e9dd8d93ed1	USDT_TRX	asset-v2:bip122:00000000000000001ebf88508a03865c:TR7NHqjeKQxGTCi8q8ZY4pL8otSzgjLj6t	2025-02-23T05:55:03Z	69879232	1.0001629830459848	0	TCMvRFdWKjkujvmYnQa2uf3o9GmFVvAdt3	RECEIVING	275716		
2d97c79c372a61f8514a9af1d3f0af7fe0d703de379960f67b0c806d03577d87	USDT_TRX	asset-v2:bip122:00000000000000001ebf88508a03865c:TR7NHqjeKQxGTCi8q8ZY4pL8otSzgjLj6t	2025-02-23T05:55:15Z	69879236	1.0001629830459848	0	TAgEaCZGoReTs5WtKTbzDoVYMyioYCF4os	SENDING	0		
2d97c79c372a61f8514a9af1d3f0af7fe0d703de379960f67b0c806d03577d87	USDT_TRX	asset-v2:bip122:00000000000000001ebf88508a03865c:TR7NHqjeKQxGTCi8q8ZY4pL8otSzgjLj6t	2025-02-23T05:55:15Z	69879236	1.0001629830459848	0	TCM4BTh3PzH4dvq8e5kyjb13NNJoVvAdt3	RECEIVING	0		
8be5878aa2a7f6db9ec764fff6190bc641d38a439135d9dfa6eaee3b8af5f057	USDT_TRX	asset-v2:bip122:00000000000000001ebf88508a03865c:TR7NHqjeKQxGTCi8q8ZY4pL8otSzgjLj6t	2025-02-23T05:55:18Z	69879237	1.0001629830459848	0	TCM4BTh3PzH4dvq8e5kyjb13NNJoVvAdt3	SENDING	0.027571		
8be5878aa2a7f6db9ec764fff6190bc641d38a439135d9dfa6eaee3b8af5f057	USDT_TRX	asset-v2:bip122:00000000000000001ebf88508a03865c:TR7NHqjeKQxGTCi8q8ZY4pL8otSzgjLj6t	2025-02-23T05:55:18Z	69879237	1.0001629830459848	0	TAgEaCZGoReTs5WtKTbzDoVYMyioYCF4os	RECEIVING	0.027571		
c45f0bd82e009a65f42e29d3e6fb1db57fbf09a9dc9837cf6f134d2d41d0b539	USDT_TRX	asset-v2:bip122:00000000000000001ebf88508a03865c:TR7NHqjeKQxGTCi8q8ZY4pL8otSzgjLj6t	2025-02-23T11:58:45Z	69886504	1.0000623531507449	0	TM1zzNDZD2DPASbKcgdVoTYhfmYgtfwx9R	SENDING	15403.366157	OKX.com	exchange
c45f0bd82e009a65f42e29d3e6fb1db57fbf09a9dc9837cf6f134d2d41d0b539	USDT_TRX	asset-v2:bip122:00000000000000001ebf88508a03865c:TR7NHqjeKQxGTCi8q8ZY4pL8otSzgjLj6t	2025-02-23T11:58:45Z	69886504	1.0000623531507449	0	TAgEaCZGoReTs5WtKTbzDoVYMyioYCF4os	RECEIVING	15403.366157		
2380d05025f955c6464be7b4f93cfaffb95d23097799af474781cc78410c2cde	USDT_TRX	asset-v2:bip122:00000000000000001ebf88508a03865c:TR7NHqjeKQxGTCi8q8ZY4pL8otSzgjLj6t	2025-02-24T08:56:36Z	69911653	1.0002136109062372	0	TM1zzNDZD2DPASbKcgdVoTYhfmYgtfwx9R	SENDING	48	OKX.com	exchange
2380d05025f955c6464be7b4f93cfaffb95d23097799af474781cc78410c2cde	USDT_TRX	asset-v2:bip122:00000000000000001ebf88508a03865c:TR7NHqjeKQxGTCi8q8ZY4pL8otSzgjLj6t	2025-02-24T08:56:36Z	69911653	1.0002136109062372	0	TAgEaCZGoReTs5WtKTbzDoVYMyioYCF4os	RECEIVING	48		
473cd1d75e64c431e79fe2d238b0504cfff62884c4ab785d50d89f94f37aa408	USDT_TRX	asset-v2:bip122:00000000000000001ebf88508a03865c:TR7NHqjeKQxGTCi8q8ZY4pL8otSzgjLj6t	2025-02-24T09:43:09Z	69912584	1.0002423831767668	0	TM1zzNDZD2DPASbKcgdVoTYhfmYgtfwx9R	SENDING	4775.163533	OKX.com	exchange
473cd1d75e64c431e79fe2d238b0504cfff62884c4ab785d50d89f94f37aa408	USDT_TRX	asset-v2:bip122:00000000000000001ebf88508a03865c:TR7NHqjeKQxGTCi8q8ZY4pL8otSzgjLj6t	2025-02-24T09:43:09Z	69912584	1.0002423831767668	0	TAgEaCZGoReTs5WtKTbzDoVYMyioYCF4os	RECEIVING	4775.163533		
2ded34d2b2846d553f26ee8ff8160b5de950703b1a7da93c9d5543c1efd6ed37	USDT_TRX	asset-v2:bip122:00000000000000001ebf88508a03865c:TR7NHqjeKQxGTCi8q8ZY4pL8otSzgjLj6t	2025-02-25T12:35:45Z	69944826	0.9999523242520588	0	TM1zzNDZD2DPASbKcgdVoTYhfmYgtfwx9R	SENDING	48	OKX.com	exchange
2ded34d2b2846d553f26ee8ff8160b5de950703b1a7da93c9d5543c1efd6ed37	USDT_TRX	asset-v2:bip122:00000000000000001ebf88508a03865c:TR7NHqjeKQxGTCi8q8ZY4pL8otSzgjLj6t	2025-02-25T12:35:45Z	69944826	0.9999523242520588	0	TAgEaCZGoReTs5WtKTbzDoVYMyioYCF4os	RECEIVING	48		
f63c9afb581e280ce1e1a2cee998600fe99d98961799e6ed24b861dcbcfcde57	USDT_TRX	asset-v2:bip122:00000000000000001ebf88508a03865c:TR7NHqjeKQxGTCi8q8ZY4pL8otSzgjLj6t	2025-02-25T13:06:39Z	69945444	1.0000975163513814	0	TM1zzNDZD2DPASbKcgdVoTYhfmYgtfwx9R	SENDING	65474.702307	OKX.com	exchange
f63c9afb581e280ce1e1a2cee998600fe99d98961799e6ed24b861dcbcfcde57	USDT_TRX	asset-v2:bip122:00000000000000001ebf88508a03865c:TR7NHqjeKQxGTCi8q8ZY4pL8otSzgjLj6t	2025-02-25T13:06:39Z	69945444	1.0000975163513814	0	TAgEaCZGoReTs5WtKTbzDoVYMyioYCF4os	RECEIVING	65474.702307		
ac7e6624e8f6f170d21b481e54c45fee1a8321594b54ced37a91779bec0a3f01	USDT_TRX	asset-v2:bip122:00000000000000001ebf88508a03865c:TR7NHqjeKQxGTCi8q8ZY4pL8otSzgjLj6t	2025-02-25T13:16:24Z	69945639	1.0000975163513814	0	TM1zzNDZD2DPASbKcgdVoTYhfmYgtfwx9R	SENDING	4950.5234	OKX.com	exchange
ac7e6624e8f6f170d21b481e54c45fee1a8321594b54ced37a91779bec0a3f01	USDT_TRX	asset-v2:bip122:00000000000000001ebf88508a03865c:TR7NHqjeKQxGTCi8q8ZY4pL8otSzgjLj6t	2025-02-25T13:16:24Z	69945639	1.0000975163513814	0	TAgEaCZGoReTs5WtKTbzDoVYMyioYCF4os	RECEIVING	4950.5234		
7f76a320f404b46305aba14863fcc6297939d1a74c0a02f862033f17651f2e83	USDT_TRX	asset-v2:bip122:00000000000000001ebf88508a03865c:TR7NHqjeKQxGTCi8q8ZY4pL8otSzgjLj6t	2025-02-26T11:00:30Z	69971715	0.9994725108569468	0	TM1zzNDZD2DPASbKcgdVoTYhfmYgtfwx9R	SENDING	48	OKX.com	exchange
7f76a320f404b46305aba14863fcc6297939d1a74c0a02f862033f17651f2e83	USDT_TRX	asset-v2:bip122:00000000000000001ebf88508a03865c:TR7NHqjeKQxGTCi8q8ZY4pL8otSzgjLj6t	2025-02-26T11:00:30Z	69971715	0.9994725108569468	0	TAgEaCZGoReTs5WtKTbzDoVYMyioYCF4os	RECEIVING	48		
2755b7fcca2deb5b54a0a3ef9b64f5ca94759c5678f2288b38124040449cf472	USDT_TRX	asset-v2:bip122:00000000000000001ebf88508a03865c:TR7NHqjeKQxGTCi8q8ZY4pL8otSzgjLj6t	2025-02-26T12:24:12Z	69973387	0.999472728058521	0	TM1zzNDZD2DPASbKcgdVoTYhfmYgtfwx9R	SENDING	37719.283968	OKX.com	exchange
2755b7fcca2deb5b54a0a3ef9b64f5ca94759c5678f2288b38124040449cf472	USDT_TRX	asset-v2:bip122:00000000000000001ebf88508a03865c:TR7NHqjeKQxGTCi8q8ZY4pL8otSzgjLj6t	2025-02-26T12:24:12Z	69973387	0.999472728058521	0	TAgEaCZGoReTs5WtKTbzDoVYMyioYCF4os	RECEIVING	37719.283968		
6d777efae836bacb0d821a501cd0c234bd186837ebd068baa8e354bead313a46	USDT_TRX	asset-v2:bip122:00000000000000001ebf88508a03865c:TR7NHqjeKQxGTCi8q8ZY4pL8otSzgjLj6t	2025-02-27T14:05:09Z	70004198	0.9995201628527208	0	TM1zzNDZD2DPASbKcgdVoTYhfmYgtfwx9R	SENDING	48	OKX.com	exchange
6d777efae836bacb0d821a501cd0c234bd186837ebd068baa8e354bead313a46	USDT_TRX	asset-v2:bip122:00000000000000001ebf88508a03865c:TR7NHqjeKQxGTCi8q8ZY4pL8otSzgjLj6t	2025-02-27T14:05:09Z	70004198	0.9995201628527208	0	TAgEaCZGoReTs5WtKTbzDoVYMyioYCF4os	RECEIVING	48		
cabd902095437ef301337d8c91821174f78d8ac2317aa3d5df68890589741502	USDT_TRX	asset-v2:bip122:00000000000000001ebf88508a03865c:TR7NHqjeKQxGTCi8q8ZY4pL8otSzgjLj6t	2025-02-27T14:51:36Z	70005127	0.9995201628527208	0	TM1zzNDZD2DPASbKcgdVoTYhfmYgtfwx9R	SENDING	48035.682293	OKX.com	exchange
cabd902095437ef301337d8c91821174f78d8ac2317aa3d5df68890589741502	USDT_TRX	asset-v2:bip122:00000000000000001ebf88508a03865c:TR7NHqjeKQxGTCi8q8ZY4pL8otSzgjLj6t	2025-02-27T14:51:36Z	70005127	0.9995201628527208	0	TAgEaCZGoReTs5WtKTbzDoVYMyioYCF4os	RECEIVING	48035.682293		
f1c6c1580b6ea5313d1125ea490200deb861ae3a21dd6b3ddf46e86a93cc3d1e	USDT_TRX	asset-v2:bip122:00000000000000001ebf88508a03865c:TR7NHqjeKQxGTCi8q8ZY4pL8otSzgjLj6t	2025-02-28T13:04:15Z	70031767	0.9996212056513955	0	TM1zzNDZD2DPASbKcgdVoTYhfmYgtfwx9R	SENDING	48	OKX.com	exchange
f1c6c1580b6ea5313d1125ea490200deb861ae3a21dd6b3ddf46e86a93cc3d1e	USDT_TRX	asset-v2:bip122:00000000000000001ebf88508a03865c:TR7NHqjeKQxGTCi8q8ZY4pL8otSzgjLj6t	2025-02-28T13:04:15Z	70031767	0.9996212056513955	0	TAgEaCZGoReTs5WtKTbzDoVYMyioYCF4os	RECEIVING	48		
a934a590d7b2eb2e40439c5add3b0c165bac6cf869ffec618451e7b6272047ff	USDT_TRX	asset-v2:bip122:00000000000000001ebf88508a03865c:TR7NHqjeKQxGTCi8q8ZY4pL8otSzgjLj6t	2025-02-28T14:36:09Z	70033605	0.9997355578329304	0	TM1zzNDZD2DPASbKcgdVoTYhfmYgtfwx9R	SENDING	16983.699201	OKX.com	exchange
a934a590d7b2eb2e40439c5add3b0c165bac6cf869ffec618451e7b6272047ff	USDT_TRX	asset-v2:bip122:00000000000000001ebf88508a03865c:TR7NHqjeKQxGTCi8q8ZY4pL8otSzgjLj6t	2025-02-28T14:36:09Z	70033605	0.9997355578329304	0	TAgEaCZGoReTs5WtKTbzDoVYMyioYCF4os	RECEIVING	16983.699201		
3ddc1ea91f6bff52639d365676330c28ed7b25816758fb8beefcb7f7a14a96d7	USDT_TRX	asset-v2:bip122:00000000000000001ebf88508a03865c:TR7NHqjeKQxGTCi8q8ZY4pL8otSzgjLj6t	2025-03-01T12:14:48Z	70059570	0.9999340627969427	0	TM1zzNDZD2DPASbKcgdVoTYhfmYgtfwx9R	SENDING	48	OKX.com	exchange
3ddc1ea91f6bff52639d365676330c28ed7b25816758fb8beefcb7f7a14a96d7	USDT_TRX	asset-v2:bip122:00000000000000001ebf88508a03865c:TR7NHqjeKQxGTCi8q8ZY4pL8otSzgjLj6t	2025-03-01T12:14:48Z	70059570	0.9999340627969427	0	TAgEaCZGoReTs5WtKTbzDoVYMyioYCF4os	RECEIVING	48		
7444bddadb242d378443bfc43b785dcd1ed32babc2996448d7778ad499ab99ab	USDT_TRX	asset-v2:bip122:00000000000000001ebf88508a03865c:TR7NHqjeKQxGTCi8q8ZY4pL8otSzgjLj6t	2025-03-01T13:52:45Z	70061529	0.9999741070193172	0	TM1zzNDZD2DPASbKcgdVoTYhfmYgtfwx9R	SENDING	83862.250647	OKX.com	exchange
7444bddadb242d378443bfc43b785dcd1ed32babc2996448d7778ad499ab99ab	USDT_TRX	asset-v2:bip122:00000000000000001ebf88508a03865c:TR7NHqjeKQxGTCi8q8ZY4pL8otSzgjLj6t	2025-03-01T13:52:45Z	70061529	0.9999741070193172	0	TAgEaCZGoReTs5WtKTbzDoVYMyioYCF4os	RECEIVING	83862.250647		
c46be070c118691601488a04eec90eec370a40091c704ecd450c3bcd3df6c5ed	USDT_TRX	asset-v2:bip122:00000000000000001ebf88508a03865c:TR7NHqjeKQxGTCi8q8ZY4pL8otSzgjLj6t	2025-03-01T13:59:06Z	70061656	0.9999741070193172	0	TM1zzNDZD2DPASbKcgdVoTYhfmYgtfwx9R	SENDING	20104.162045	OKX.com	exchange
c46be070c118691601488a04eec90eec370a40091c704ecd450c3bcd3df6c5ed	USDT_TRX	asset-v2:bip122:00000000000000001ebf88508a03865c:TR7NHqjeKQxGTCi8q8ZY4pL8otSzgjLj6t	2025-03-01T13:59:06Z	70061656	0.9999741070193172	0	TAgEaCZGoReTs5WtKTbzDoVYMyioYCF4os	RECEIVING	20104.162045		
21e24051a1062cf00d248e7fa7669cb15badf388b620a64ad16ec6a4de8ebc50	USDT_TRX	asset-v2:bip122:00000000000000001ebf88508a03865c:TR7NHqjeKQxGTCi8q8ZY4pL8otSzgjLj6t	2025-03-02T09:30:54Z	70085086	0.9999321444357226	0	TM1zzNDZD2DPASbKcgdVoTYhfmYgtfwx9R	SENDING	1696.994293	OKX.com	exchange
21e24051a1062cf00d248e7fa7669cb15badf388b620a64ad16ec6a4de8ebc50	USDT_TRX	asset-v2:bip122:00000000000000001ebf88508a03865c:TR7NHqjeKQxGTCi8q8ZY4pL8otSzgjLj6t	2025-03-02T09:30:54Z	70085086	0.9999321444357226	0	TAgEaCZGoReTs5WtKTbzDoVYMyioYCF4os	RECEIVING	1696.994293		
4a4a8e3dc0db7d0c5fbc0702d210792898070d4a276d52cccbd446be379a37b9	USDT_TRX	asset-v2:bip122:00000000000000001ebf88508a03865c:TR7NHqjeKQxGTCi8q8ZY4pL8otSzgjLj6t	2025-03-02T10:29:36Z	70086260	0.9999791704391374	0	TM1zzNDZD2DPASbKcgdVoTYhfmYgtfwx9R	SENDING	14353.069607	OKX.com	exchange
4a4a8e3dc0db7d0c5fbc0702d210792898070d4a276d52cccbd446be379a37b9	USDT_TRX	asset-v2:bip122:00000000000000001ebf88508a03865c:TR7NHqjeKQxGTCi8q8ZY4pL8otSzgjLj6t	2025-03-02T10:29:36Z	70086260	0.9999791704391374	0	TAgEaCZGoReTs5WtKTbzDoVYMyioYCF4os	RECEIVING	14353.069607		
b8f8cbc81220c34ef363d7c780125e681a33d173b3dc68771ecb34e4c842536b	USDT_TRX	asset-v2:bip122:00000000000000001ebf88508a03865c:TR7NHqjeKQxGTCi8q8ZY4pL8otSzgjLj6t	2025-03-02T11:49:45Z	70087863	0.9999863642721624	0	TM1zzNDZD2DPASbKcgdVoTYhfmYgtfwx9R	SENDING	1180.883595	OKX.com	exchange
b8f8cbc81220c34ef363d7c780125e681a33d173b3dc68771ecb34e4c842536b	USDT_TRX	asset-v2:bip122:00000000000000001ebf88508a03865c:TR7NHqjeKQxGTCi8q8ZY4pL8otSzgjLj6t	2025-03-02T11:49:45Z	70087863	0.9999863642721624	0	TAgEaCZGoReTs5WtKTbzDoVYMyioYCF4os	RECEIVING	1180.883595		
d63926779339331804db230865b9e2ea7f7e7f52790ae6fb9668da8b4c8c4e5c	USDT_TRX	asset-v2:bip122:00000000000000001ebf88508a03865c:TR7NHqjeKQxGTCi8q8ZY4pL8otSzgjLj6t	2025-03-02T12:15:27Z	70088375	1.0000662214978897	0	TM1zzNDZD2DPASbKcgdVoTYhfmYgtfwx9R	SENDING	30200.19402	OKX.com	exchange
d63926779339331804db230865b9e2ea7f7e7f52790ae6fb9668da8b4c8c4e5c	USDT_TRX	asset-v2:bip122:00000000000000001ebf88508a03865c:TR7NHqjeKQxGTCi8q8ZY4pL8otSzgjLj6t	2025-03-02T12:15:27Z	70088375	1.0000662214978897	0	TAgEaCZGoReTs5WtKTbzDoVYMyioYCF4os	RECEIVING	30200.19402		
b7339e9190d69612716323a7b7da044a10609a89d935c0b02f53ebdff42185bf	USDT_TRX	asset-v2:bip122:00000000000000001ebf88508a03865c:TR7NHqjeKQxGTCi8q8ZY4pL8otSzgjLj6t	2025-03-03T07:17:09Z	70111203	0.9997232287566076	0	TM1zzNDZD2DPASbKcgdVoTYhfmYgtfwx9R	SENDING	48	OKX.com	exchange
b7339e9190d69612716323a7b7da044a10609a89d935c0b02f53ebdff42185bf	USDT_TRX	asset-v2:bip122:00000000000000001ebf88508a03865c:TR7NHqjeKQxGTCi8q8ZY4pL8otSzgjLj6t	2025-03-03T07:17:09Z	70111203	0.9997232287566076	0	TAgEaCZGoReTs5WtKTbzDoVYMyioYCF4os	RECEIVING	48		
66bec13b302443105cf96685b4e0c5f677b870ee35ab0bc4f1f4b32f6b706f02	USDT_TRX	asset-v2:bip122:00000000000000001ebf88508a03865c:TR7NHqjeKQxGTCi8q8ZY4pL8otSzgjLj6t	2025-03-03T07:54:24Z	70111948	0.9997232287566076	0	TM1zzNDZD2DPASbKcgdVoTYhfmYgtfwx9R	SENDING	5250.797877	OKX.com	exchange
66bec13b302443105cf96685b4e0c5f677b870ee35ab0bc4f1f4b32f6b706f02	USDT_TRX	asset-v2:bip122:00000000000000001ebf88508a03865c:TR7NHqjeKQxGTCi8q8ZY4pL8otSzgjLj6t	2025-03-03T07:54:24Z	70111948	0.9997232287566076	0	TAgEaCZGoReTs5WtKTbzDoVYMyioYCF4os	RECEIVING	5250.797877		
5556f90468bf8d6a114dbd0d23f9af6f6247cfc116a4e4eb1963214c003703f8	USDT_TRX	asset-v2:bip122:00000000000000001ebf88508a03865c:TR7NHqjeKQxGTCi8q8ZY4pL8otSzgjLj6t	2025-03-04T14:00:30Z	70148060	0.9998422905371616	0	TM1zzNDZD2DPASbKcgdVoTYhfmYgtfwx9R	SENDING	56032.587292	OKX.com	exchange
5556f90468bf8d6a114dbd0d23f9af6f6247cfc116a4e4eb1963214c003703f8	USDT_TRX	asset-v2:bip122:00000000000000001ebf88508a03865c:TR7NHqjeKQxGTCi8q8ZY4pL8otSzgjLj6t	2025-03-04T14:00:30Z	70148060	0.9998422905371616	0	TAgEaCZGoReTs5WtKTbzDoVYMyioYCF4os	RECEIVING	56032.587292		
1c4c3b99e392f00e7a4532b270e5c0e17de0bced80a94dd2ab5374c0efb2ac93	USDT_TRX	asset-v2:bip122:00000000000000001ebf88508a03865c:TR7NHqjeKQxGTCi8q8ZY4pL8otSzgjLj6t	2025-03-04T15:22:33Z	70149701	0.9997870782678174	0	TM1zzNDZD2DPASbKcgdVoTYhfmYgtfwx9R	SENDING	22571.930982	OKX.com	exchange
1c4c3b99e392f00e7a4532b270e5c0e17de0bced80a94dd2ab5374c0efb2ac93	USDT_TRX	asset-v2:bip122:00000000000000001ebf88508a03865c:TR7NHqjeKQxGTCi8q8ZY4pL8otSzgjLj6t	2025-03-04T15:22:33Z	70149701	0.9997870782678174	0	TAgEaCZGoReTs5WtKTbzDoVYMyioYCF4os	RECEIVING	22571.930982		
c08e031557b903d72292ff39193e8c49bca76a9f59eb8a057188103e2cb5e784	USDT_TRX	asset-v2:bip122:00000000000000001ebf88508a03865c:TR7NHqjeKQxGTCi8q8ZY4pL8otSzgjLj6t	2025-03-05T09:24:33Z	70171335	1.0000615549386294	0	TM1zzNDZD2DPASbKcgdVoTYhfmYgtfwx9R	SENDING	48	OKX.com	exchange
c08e031557b903d72292ff39193e8c49bca76a9f59eb8a057188103e2cb5e784	USDT_TRX	asset-v2:bip122:00000000000000001ebf88508a03865c:TR7NHqjeKQxGTCi8q8ZY4pL8otSzgjLj6t	2025-03-05T09:24:33Z	70171335	1.0000615549386294	0	TAgEaCZGoReTs5WtKTbzDoVYMyioYCF4os	RECEIVING	48		
503e1409c36088bebb051566b0b1f36f9182cb6a741c0b92f03416738bb64e54	USDT_TRX	asset-v2:bip122:00000000000000001ebf88508a03865c:TR7NHqjeKQxGTCi8q8ZY4pL8otSzgjLj6t	2025-03-05T14:01:18Z	70176868	1.0001496622275488	0	TM1zzNDZD2DPASbKcgdVoTYhfmYgtfwx9R	SENDING	33857.749515	OKX.com	exchange
503e1409c36088bebb051566b0b1f36f9182cb6a741c0b92f03416738bb64e54	USDT_TRX	asset-v2:bip122:00000000000000001ebf88508a03865c:TR7NHqjeKQxGTCi8q8ZY4pL8otSzgjLj6t	2025-03-05T14:01:18Z	70176868	1.0001496622275488	0	TAgEaCZGoReTs5WtKTbzDoVYMyioYCF4os	RECEIVING	33857.749515		
fdd4be908b0a27d129719ea82b641e0f86a02192bbb585358f96b0860c849006	USDT_TRX	asset-v2:bip122:00000000000000001ebf88508a03865c:TR7NHqjeKQxGTCi8q8ZY4pL8otSzgjLj6t	2025-03-06T11:18:24Z	70202404	1.0001209561736526	0	TM1zzNDZD2DPASbKcgdVoTYhfmYgtfwx9R	SENDING	98	OKX.com	exchange
fdd4be908b0a27d129719ea82b641e0f86a02192bbb585358f96b0860c849006	USDT_TRX	asset-v2:bip122:00000000000000001ebf88508a03865c:TR7NHqjeKQxGTCi8q8ZY4pL8otSzgjLj6t	2025-03-06T11:18:24Z	70202404	1.0001209561736526	0	TAgEaCZGoReTs5WtKTbzDoVYMyioYCF4os	RECEIVING	98		
5cfdaa27a0b0e6bad63198adc4eb1c13ac5f6c652580a4a2209a0d85647ee205	USDT_TRX	asset-v2:bip122:00000000000000001ebf88508a03865c:TR7NHqjeKQxGTCi8q8ZY4pL8otSzgjLj6t	2025-03-07T08:21:24Z	70227656	1.000085432966207	0	TM1zzNDZD2DPASbKcgdVoTYhfmYgtfwx9R	SENDING	48	OKX.com	exchange
5cfdaa27a0b0e6bad63198adc4eb1c13ac5f6c652580a4a2209a0d85647ee205	USDT_TRX	asset-v2:bip122:00000000000000001ebf88508a03865c:TR7NHqjeKQxGTCi8q8ZY4pL8otSzgjLj6t	2025-03-07T08:21:24Z	70227656	1.000085432966207	0	TAgEaCZGoReTs5WtKTbzDoVYMyioYCF4os	RECEIVING	48		
5701be8f3ef155fe1602988628beee178a79316814dd35d583612c14a386841a	USDT_TRX	asset-v2:bip122:00000000000000001ebf88508a03865c:TR7NHqjeKQxGTCi8q8ZY4pL8otSzgjLj6t	2025-03-07T11:50:18Z	70231834	1.0001676003712934	0	TM1zzNDZD2DPASbKcgdVoTYhfmYgtfwx9R	SENDING	48	OKX.com	exchange
5701be8f3ef155fe1602988628beee178a79316814dd35d583612c14a386841a	USDT_TRX	asset-v2:bip122:00000000000000001ebf88508a03865c:TR7NHqjeKQxGTCi8q8ZY4pL8otSzgjLj6t	2025-03-07T11:50:18Z	70231834	1.0001676003712934	0	TAgEaCZGoReTs5WtKTbzDoVYMyioYCF4os	RECEIVING	48		
944cd5a56b99f962a1d378ace0ed180d042c5c9c46cfd8e4a89d80a2e48c09b5	USDT_TRX	asset-v2:bip122:00000000000000001ebf88508a03865c:TR7NHqjeKQxGTCi8q8ZY4pL8otSzgjLj6t	2025-03-07T12:19:18Z	70232412	1.0001217220918206	0	TM1zzNDZD2DPASbKcgdVoTYhfmYgtfwx9R	SENDING	149282.75721	OKX.com	exchange
944cd5a56b99f962a1d378ace0ed180d042c5c9c46cfd8e4a89d80a2e48c09b5	USDT_TRX	asset-v2:bip122:00000000000000001ebf88508a03865c:TR7NHqjeKQxGTCi8q8ZY4pL8otSzgjLj6t	2025-03-07T12:19:18Z	70232412	1.0001217220918206	0	TAgEaCZGoReTs5WtKTbzDoVYMyioYCF4os	RECEIVING	149282.75721		
28822f90ff24896c32f47257b82787642e87bf65dc150482c906e4ebec87d9e9	USDT_TRX	asset-v2:bip122:00000000000000001ebf88508a03865c:TR7NHqjeKQxGTCi8q8ZY4pL8otSzgjLj6t	2025-03-07T13:25:15Z	70233731	1.000155652438586	0	TM1zzNDZD2DPASbKcgdVoTYhfmYgtfwx9R	SENDING	35093.740272	OKX.com	exchange
28822f90ff24896c32f47257b82787642e87bf65dc150482c906e4ebec87d9e9	USDT_TRX	asset-v2:bip122:00000000000000001ebf88508a03865c:TR7NHqjeKQxGTCi8q8ZY4pL8otSzgjLj6t	2025-03-07T13:25:15Z	70233731	1.000155652438586	0	TAgEaCZGoReTs5WtKTbzDoVYMyioYCF4os	RECEIVING	35093.740272		
42781c5b77e650d59f08cae32be00053eed26aec52301cdc818c8493e9764ea5	USDT_TRX	asset-v2:bip122:00000000000000001ebf88508a03865c:TR7NHqjeKQxGTCi8q8ZY4pL8otSzgjLj6t	2025-03-08T09:16:27Z	70257549	0.9999334590131234	0	TAgEaCZGoReTs5WtKTbzDoVYMyioYCF4os	SENDING	289100		
42781c5b77e650d59f08cae32be00053eed26aec52301cdc818c8493e9764ea5	USDT_TRX	asset-v2:bip122:00000000000000001ebf88508a03865c:TR7NHqjeKQxGTCi8q8ZY4pL8otSzgjLj6t	2025-03-08T09:16:27Z	70257549	0.9999334590131234	0	TEDEQMNwavca8LKHiWwsNbzRbVyTE226cZ	RECEIVING	289100		
1aed767b04ca4b4d810505f12bd3f19a3b974a213bed0f1de33709b1d5d55f5b	USDT_TRX	asset-v2:bip122:00000000000000001ebf88508a03865c:TR7NHqjeKQxGTCi8q8ZY4pL8otSzgjLj6t	2025-03-08T09:22:24Z	70257668	0.9999334590131234	0	TAgEaCZGoReTs5WtKTbzDoVYMyioYCF4os	SENDING	0		
1aed767b04ca4b4d810505f12bd3f19a3b974a213bed0f1de33709b1d5d55f5b	USDT_TRX	asset-v2:bip122:00000000000000001ebf88508a03865c:TR7NHqjeKQxGTCi8q8ZY4pL8otSzgjLj6t	2025-03-08T09:22:24Z	70257668	0.9999334590131234	0	TEawNKWAhYB9sWF8kj154zV7XWNCE226cZ	RECEIVING	0		
3543b1a2bcbf2f0c815f35e0fd381ae5c971c42a8b5e178abd5dcc60c74a6f13	USDT_TRX	asset-v2:bip122:00000000000000001ebf88508a03865c:TR7NHqjeKQxGTCi8q8ZY4pL8otSzgjLj6t	2025-03-08T09:22:30Z	70257670	0.9999334590131234	0	TEawNKWAhYB9sWF8kj154zV7XWNCE226cZ	SENDING	0.02891		
3543b1a2bcbf2f0c815f35e0fd381ae5c971c42a8b5e178abd5dcc60c74a6f13	USDT_TRX	asset-v2:bip122:00000000000000001ebf88508a03865c:TR7NHqjeKQxGTCi8q8ZY4pL8otSzgjLj6t	2025-03-08T09:22:30Z	70257670	0.9999334590131234	0	TAgEaCZGoReTs5WtKTbzDoVYMyioYCF4os	RECEIVING	0.02891		
8c5a7f10835145400dc1442a4d6178efb13f64218ca5a93afaa364ccf085908e	USDT_TRX	asset-v2:bip122:00000000000000001ebf88508a03865c:TR7NHqjeKQxGTCi8q8ZY4pL8otSzgjLj6t	2025-03-08T10:53:15Z	70259485	0.9999289275525544	0	TM1zzNDZD2DPASbKcgdVoTYhfmYgtfwx9R	SENDING	48	OKX.com	exchange
8c5a7f10835145400dc1442a4d6178efb13f64218ca5a93afaa364ccf085908e	USDT_TRX	asset-v2:bip122:00000000000000001ebf88508a03865c:TR7NHqjeKQxGTCi8q8ZY4pL8otSzgjLj6t	2025-03-08T10:53:15Z	70259485	0.9999289275525544	0	TAgEaCZGoReTs5WtKTbzDoVYMyioYCF4os	RECEIVING	48		
eaa18f467d49256bca78d7d4768b2d3792400fcd40609ae326c2eb9797e20f5a	USDT_TRX	asset-v2:bip122:00000000000000001ebf88508a03865c:TR7NHqjeKQxGTCi8q8ZY4pL8otSzgjLj6t	2025-03-08T11:59:09Z	70260803	0.9999173968340658	0	TM1zzNDZD2DPASbKcgdVoTYhfmYgtfwx9R	SENDING	19220.588696	OKX.com	exchange
eaa18f467d49256bca78d7d4768b2d3792400fcd40609ae326c2eb9797e20f5a	USDT_TRX	asset-v2:bip122:00000000000000001ebf88508a03865c:TR7NHqjeKQxGTCi8q8ZY4pL8otSzgjLj6t	2025-03-08T11:59:09Z	70260803	0.9999173968340658	0	TAgEaCZGoReTs5WtKTbzDoVYMyioYCF4os	RECEIVING	19220.588696		
a223719d900b6f193a6a51dc0db3f5223c8b00de15b5667554230db429245c17	USDT_TRX	asset-v2:bip122:00000000000000001ebf88508a03865c:TR7NHqjeKQxGTCi8q8ZY4pL8otSzgjLj6t	2025-03-10T12:27:27Z	70318951	1.0002187555564002	0	TM1zzNDZD2DPASbKcgdVoTYhfmYgtfwx9R	SENDING	48	OKX.com	exchange
a223719d900b6f193a6a51dc0db3f5223c8b00de15b5667554230db429245c17	USDT_TRX	asset-v2:bip122:00000000000000001ebf88508a03865c:TR7NHqjeKQxGTCi8q8ZY4pL8otSzgjLj6t	2025-03-10T12:27:27Z	70318951	1.0002187555564002	0	TAgEaCZGoReTs5WtKTbzDoVYMyioYCF4os	RECEIVING	48		
ae130a51ecffde47c46ce09aeb59203e03288c0328f714e4cbc1975dba028f21	USDT_TRX	asset-v2:bip122:00000000000000001ebf88508a03865c:TR7NHqjeKQxGTCi8q8ZY4pL8otSzgjLj6t	2025-03-10T12:51:18Z	70319428	1.0002187555564002	0	TAgEaCZGoReTs5WtKTbzDoVYMyioYCF4os	SENDING	50000		
ae130a51ecffde47c46ce09aeb59203e03288c0328f714e4cbc1975dba028f21	USDT_TRX	asset-v2:bip122:00000000000000001ebf88508a03865c:TR7NHqjeKQxGTCi8q8ZY4pL8otSzgjLj6t	2025-03-10T12:51:18Z	70319428	1.0002187555564002	0	TBgjERoUD8vWQcnskv5THst4hiRyHFGobD	RECEIVING	50000		
17969bdeb1fa380b9be268b4cbb2f5166227755fbc24a802eed6bdd5a93f00de	USDT_TRX	asset-v2:bip122:00000000000000001ebf88508a03865c:TR7NHqjeKQxGTCi8q8ZY4pL8otSzgjLj6t	2025-03-10T12:51:33Z	70319433	1.0002187555564002	0	TBgj4PwtTJ7cuMMafVViSFfG5SAhbFGobD	SENDING	0.050001		
17969bdeb1fa380b9be268b4cbb2f5166227755fbc24a802eed6bdd5a93f00de	USDT_TRX	asset-v2:bip122:00000000000000001ebf88508a03865c:TR7NHqjeKQxGTCi8q8ZY4pL8otSzgjLj6t	2025-03-10T12:51:33Z	70319433	1.0002187555564002	0	TAgEaCZGoReTs5WtKTbzDoVYMyioYCF4os	RECEIVING	0.050001		
b3e88b6c8a0f4563be82002a070ed9719f8104d9b7c0431d286a7a32237460ec	USDT_TRX	asset-v2:bip122:00000000000000001ebf88508a03865c:TR7NHqjeKQxGTCi8q8ZY4pL8otSzgjLj6t	2025-03-10T13:05:36Z	70319714	1.0002158965111492	0	TM1zzNDZD2DPASbKcgdVoTYhfmYgtfwx9R	SENDING	17112.303785	OKX.com	exchange
b3e88b6c8a0f4563be82002a070ed9719f8104d9b7c0431d286a7a32237460ec	USDT_TRX	asset-v2:bip122:00000000000000001ebf88508a03865c:TR7NHqjeKQxGTCi8q8ZY4pL8otSzgjLj6t	2025-03-10T13:05:36Z	70319714	1.0002158965111492	0	TAgEaCZGoReTs5WtKTbzDoVYMyioYCF4os	RECEIVING	17112.303785		
7dce0e3ee0f507f79ae597ba4d617f306d76516b329f938ba6f98f07c544898f	USDT_TRX	asset-v2:bip122:00000000000000001ebf88508a03865c:TR7NHqjeKQxGTCi8q8ZY4pL8otSzgjLj6t	2025-03-11T09:02:00Z	70343636	1.0000148569391645	0	TAgEaCZGoReTs5WtKTbzDoVYMyioYCF4os	SENDING	100000		
7dce0e3ee0f507f79ae597ba4d617f306d76516b329f938ba6f98f07c544898f	USDT_TRX	asset-v2:bip122:00000000000000001ebf88508a03865c:TR7NHqjeKQxGTCi8q8ZY4pL8otSzgjLj6t	2025-03-11T09:02:00Z	70343636	1.0000148569391645	0	TUChGVZjD97ZcXmb45Prdq6Cympzpow877	RECEIVING	100000		
6d1c0fc127db1815658ad4bdf46c2881248d032592a6d4b888fc20ee7a7a9101	USDT_TRX	asset-v2:bip122:00000000000000001ebf88508a03865c:TR7NHqjeKQxGTCi8q8ZY4pL8otSzgjLj6t	2025-03-11T09:02:12Z	70343640	1.0000148569391645	0	TUCiuKrd2GcrAKftbxLQWBPDTwGRpow877	SENDING	0.01		
6d1c0fc127db1815658ad4bdf46c2881248d032592a6d4b888fc20ee7a7a9101	USDT_TRX	asset-v2:bip122:00000000000000001ebf88508a03865c:TR7NHqjeKQxGTCi8q8ZY4pL8otSzgjLj6t	2025-03-11T09:02:12Z	70343640	1.0000148569391645	0	TAgEaCZGoReTs5WtKTbzDoVYMyioYCF4os	RECEIVING	0.01		
345fe00d9d700aa2ec76c48ba170d4b43a69f68bcd4d709470feb4d2a2336543	USDT_TRX	asset-v2:bip122:00000000000000001ebf88508a03865c:TR7NHqjeKQxGTCi8q8ZY4pL8otSzgjLj6t	2025-03-11T09:07:15Z	70343741	1.0000148569391645	0	TAgEaCZGoReTs5WtKTbzDoVYMyioYCF4os	SENDING	50000		
345fe00d9d700aa2ec76c48ba170d4b43a69f68bcd4d709470feb4d2a2336543	USDT_TRX	asset-v2:bip122:00000000000000001ebf88508a03865c:TR7NHqjeKQxGTCi8q8ZY4pL8otSzgjLj6t	2025-03-11T09:07:15Z	70343741	1.0000148569391645	0	TBgjERoUD8vWQcnskv5THst4hiRyHFGobD	RECEIVING	50000		
c1953de5a76673c09b47e5b1f5b88cb347459b69cefc09eea0e67eba11fb2b18	USDT_TRX	asset-v2:bip122:00000000000000001ebf88508a03865c:TR7NHqjeKQxGTCi8q8ZY4pL8otSzgjLj6t	2025-03-11T09:07:30Z	70343746	1.0000148569391645	0	TBgj4PwtTJ7cuMMafVViSFfG5SAhbFGobD	SENDING	0.050001		
c1953de5a76673c09b47e5b1f5b88cb347459b69cefc09eea0e67eba11fb2b18	USDT_TRX	asset-v2:bip122:00000000000000001ebf88508a03865c:TR7NHqjeKQxGTCi8q8ZY4pL8otSzgjLj6t	2025-03-11T09:07:30Z	70343746	1.0000148569391645	0	TAgEaCZGoReTs5WtKTbzDoVYMyioYCF4os	RECEIVING	0.050001		
9b1abe8cc544cfbeb70287084db5714477269dafd0111b045840839c1f14dd7c	USDT_TRX	asset-v2:bip122:00000000000000001ebf88508a03865c:TR7NHqjeKQxGTCi8q8ZY4pL8otSzgjLj6t	2025-03-11T13:22:57Z	70348853	1.0000102086527094	0	TLaGjwhvA8XQYSxFAcAXy7Dvuue9eGYitv	SENDING	48	OKX.com	exchange
9b1abe8cc544cfbeb70287084db5714477269dafd0111b045840839c1f14dd7c	USDT_TRX	asset-v2:bip122:00000000000000001ebf88508a03865c:TR7NHqjeKQxGTCi8q8ZY4pL8otSzgjLj6t	2025-03-11T13:22:57Z	70348853	1.0000102086527094	0	TAgEaCZGoReTs5WtKTbzDoVYMyioYCF4os	RECEIVING	48		
93c1c90724070550f022dbdfac01dacb1d693ea3295446fa442b4ca6e53c173f	USDT_TRX	asset-v2:bip122:00000000000000001ebf88508a03865c:TR7NHqjeKQxGTCi8q8ZY4pL8otSzgjLj6t	2025-03-12T04:31:18Z	70367016	0.9999232120126088	0	TLaGjwhvA8XQYSxFAcAXy7Dvuue9eGYitv	SENDING	76428.885896	OKX.com	exchange
93c1c90724070550f022dbdfac01dacb1d693ea3295446fa442b4ca6e53c173f	USDT_TRX	asset-v2:bip122:00000000000000001ebf88508a03865c:TR7NHqjeKQxGTCi8q8ZY4pL8otSzgjLj6t	2025-03-12T04:31:18Z	70367016	0.9999232120126088	0	TAgEaCZGoReTs5WtKTbzDoVYMyioYCF4os	RECEIVING	76428.885896		
88a8f6f324bf31089f137f391561ebee4daa40d83995eae9b58e6e87aa435337	USDT_TRX	asset-v2:bip122:00000000000000001ebf88508a03865c:TR7NHqjeKQxGTCi8q8ZY4pL8otSzgjLj6t	2025-03-12T05:24:36Z	70368082	0.9997148008614568	0	TLaGjwhvA8XQYSxFAcAXy7Dvuue9eGYitv	SENDING	48	OKX.com	exchange
88a8f6f324bf31089f137f391561ebee4daa40d83995eae9b58e6e87aa435337	USDT_TRX	asset-v2:bip122:00000000000000001ebf88508a03865c:TR7NHqjeKQxGTCi8q8ZY4pL8otSzgjLj6t	2025-03-12T05:24:36Z	70368082	0.9997148008614568	0	TAgEaCZGoReTs5WtKTbzDoVYMyioYCF4os	RECEIVING	48		
268ba7b56dc617f56a801c59ac70f9ec54cd21752dad444c4feb69bd9d77b827	USDT_TRX	asset-v2:bip122:00000000000000001ebf88508a03865c:TR7NHqjeKQxGTCi8q8ZY4pL8otSzgjLj6t	2025-03-12T05:56:15Z	70368715	0.9997148008614568	0	TLaGjwhvA8XQYSxFAcAXy7Dvuue9eGYitv	SENDING	60130.838201	OKX.com	exchange
268ba7b56dc617f56a801c59ac70f9ec54cd21752dad444c4feb69bd9d77b827	USDT_TRX	asset-v2:bip122:00000000000000001ebf88508a03865c:TR7NHqjeKQxGTCi8q8ZY4pL8otSzgjLj6t	2025-03-12T05:56:15Z	70368715	0.9997148008614568	0	TAgEaCZGoReTs5WtKTbzDoVYMyioYCF4os	RECEIVING	60130.838201		
5905c41ca8513b2f1e10917448875d6e87a1604f67b5a9da218775a3911599bb	USDT_TRX	asset-v2:bip122:00000000000000001ebf88508a03865c:TR7NHqjeKQxGTCi8q8ZY4pL8otSzgjLj6t	2025-03-12T06:30:06Z	70369390	0.9997615251844618	0	TAgEaCZGoReTs5WtKTbzDoVYMyioYCF4os	SENDING	200000		
5905c41ca8513b2f1e10917448875d6e87a1604f67b5a9da218775a3911599bb	USDT_TRX	asset-v2:bip122:00000000000000001ebf88508a03865c:TR7NHqjeKQxGTCi8q8ZY4pL8otSzgjLj6t	2025-03-12T06:30:06Z	70369390	0.9997615251844618	0	TBgjERoUD8vWQcnskv5THst4hiRyHFGobD	RECEIVING	200000		
74770c071082d80c44fe7623076506e97646dcc891fe5e856d94fa99b2bc8a08	USDT_TRX	asset-v2:bip122:00000000000000001ebf88508a03865c:TR7NHqjeKQxGTCi8q8ZY4pL8otSzgjLj6t	2025-03-12T06:30:18Z	70369394	0.9997615251844618	0	TAgEaCZGoReTs5WtKTbzDoVYMyioYCF4os	SENDING	0		
74770c071082d80c44fe7623076506e97646dcc891fe5e856d94fa99b2bc8a08	USDT_TRX	asset-v2:bip122:00000000000000001ebf88508a03865c:TR7NHqjeKQxGTCi8q8ZY4pL8otSzgjLj6t	2025-03-12T06:30:18Z	70369394	0.9997615251844618	0	TBgj4PwtTJ7cuMMafVViSFfG5SAhbFGobD	RECEIVING	0		
cd2b6d0772712c2959e881956001158681cd6cf9ee7e9598969c3687496777c1	USDT_TRX	asset-v2:bip122:00000000000000001ebf88508a03865c:TR7NHqjeKQxGTCi8q8ZY4pL8otSzgjLj6t	2025-03-12T06:30:21Z	70369395	0.9997615251844618	0	TBgj4PwtTJ7cuMMafVViSFfG5SAhbFGobD	SENDING	0.02		
cd2b6d0772712c2959e881956001158681cd6cf9ee7e9598969c3687496777c1	USDT_TRX	asset-v2:bip122:00000000000000001ebf88508a03865c:TR7NHqjeKQxGTCi8q8ZY4pL8otSzgjLj6t	2025-03-12T06:30:21Z	70369395	0.9997615251844618	0	TAgEaCZGoReTs5WtKTbzDoVYMyioYCF4os	RECEIVING	0.02		
42cc29f3ea4ef0750be3214f725469063039dd8b91c2ae628081393ab2ae4fb9	USDT_TRX	asset-v2:bip122:00000000000000001ebf88508a03865c:TR7NHqjeKQxGTCi8q8ZY4pL8otSzgjLj6t	2025-03-12T13:41:57Z	70378025	0.999933352241668	0	TAgEaCZGoReTs5WtKTbzDoVYMyioYCF4os	SENDING	50000		
42cc29f3ea4ef0750be3214f725469063039dd8b91c2ae628081393ab2ae4fb9	USDT_TRX	asset-v2:bip122:00000000000000001ebf88508a03865c:TR7NHqjeKQxGTCi8q8ZY4pL8otSzgjLj6t	2025-03-12T13:41:57Z	70378025	0.999933352241668	0	TBgjERoUD8vWQcnskv5THst4hiRyHFGobD	RECEIVING	50000		
3ff1274857b537122a94357408bc70b2dccb75bf5c8c134cc175184eb1d9beed	USDT_TRX	asset-v2:bip122:00000000000000001ebf88508a03865c:TR7NHqjeKQxGTCi8q8ZY4pL8otSzgjLj6t	2025-03-12T13:42:06Z	70378028	0.999933352241668	0	TBgj4PwtTJ7cuMMafVViSFfG5SAhbFGobD	SENDING	0.050001		
3ff1274857b537122a94357408bc70b2dccb75bf5c8c134cc175184eb1d9beed	USDT_TRX	asset-v2:bip122:00000000000000001ebf88508a03865c:TR7NHqjeKQxGTCi8q8ZY4pL8otSzgjLj6t	2025-03-12T13:42:06Z	70378028	0.999933352241668	0	TAgEaCZGoReTs5WtKTbzDoVYMyioYCF4os	RECEIVING	0.050001		
661003817e1d7143cd604e832d566e1160ad3f8fe4e75d9510981686874b2610	USDT_TRX	asset-v2:bip122:00000000000000001ebf88508a03865c:TR7NHqjeKQxGTCi8q8ZY4pL8otSzgjLj6t	2025-03-12T18:32:48Z	70383840	0.9999392617773488	0	TLaGjwhvA8XQYSxFAcAXy7Dvuue9eGYitv	SENDING	1455.838192	OKX.com	exchange
661003817e1d7143cd604e832d566e1160ad3f8fe4e75d9510981686874b2610	USDT_TRX	asset-v2:bip122:00000000000000001ebf88508a03865c:TR7NHqjeKQxGTCi8q8ZY4pL8otSzgjLj6t	2025-03-12T18:32:48Z	70383840	0.9999392617773488	0	TAgEaCZGoReTs5WtKTbzDoVYMyioYCF4os	RECEIVING	1455.838192		
b180b120e5f7ddee8db84f8f658d56bc07c67ff34d29e3475392b7c0fc9ec4a7	USDT_TRX	asset-v2:bip122:00000000000000001ebf88508a03865c:TR7NHqjeKQxGTCi8q8ZY4pL8otSzgjLj6t	2025-03-13T03:33:15Z	70394647	0.999843848454579	0	TLaGjwhvA8XQYSxFAcAXy7Dvuue9eGYitv	SENDING	48	OKX.com	exchange
b180b120e5f7ddee8db84f8f658d56bc07c67ff34d29e3475392b7c0fc9ec4a7	USDT_TRX	asset-v2:bip122:00000000000000001ebf88508a03865c:TR7NHqjeKQxGTCi8q8ZY4pL8otSzgjLj6t	2025-03-13T03:33:15Z	70394647	0.999843848454579	0	TAgEaCZGoReTs5WtKTbzDoVYMyioYCF4os	RECEIVING	48		
3ffc8a3195404b43cc7b2e3a7e549895fd5d247dadfe70e8a40b14f0d48a08e0	USDT_TRX	asset-v2:bip122:00000000000000001ebf88508a03865c:TR7NHqjeKQxGTCi8q8ZY4pL8otSzgjLj6t	2025-03-13T03:53:12Z	70395046	0.999843848454579	0	TLaGjwhvA8XQYSxFAcAXy7Dvuue9eGYitv	SENDING	8000.03705	OKX.com	exchange
3ffc8a3195404b43cc7b2e3a7e549895fd5d247dadfe70e8a40b14f0d48a08e0	USDT_TRX	asset-v2:bip122:00000000000000001ebf88508a03865c:TR7NHqjeKQxGTCi8q8ZY4pL8otSzgjLj6t	2025-03-13T03:53:12Z	70395046	0.999843848454579	0	TAgEaCZGoReTs5WtKTbzDoVYMyioYCF4os	RECEIVING	8000.03705		
81b8d6fc4f31557a7d06ed45fc9d5b70042e8b83206a8d2bd2332a129a953ff1	USDT_TRX	asset-v2:bip122:00000000000000001ebf88508a03865c:TR7NHqjeKQxGTCi8q8ZY4pL8otSzgjLj6t	2025-03-13T04:05:45Z	70395297	0.9998744626378988	0	TLaGjwhvA8XQYSxFAcAXy7Dvuue9eGYitv	SENDING	46739.236079	OKX.com	exchange
81b8d6fc4f31557a7d06ed45fc9d5b70042e8b83206a8d2bd2332a129a953ff1	USDT_TRX	asset-v2:bip122:00000000000000001ebf88508a03865c:TR7NHqjeKQxGTCi8q8ZY4pL8otSzgjLj6t	2025-03-13T04:05:45Z	70395297	0.9998744626378988	0	TAgEaCZGoReTs5WtKTbzDoVYMyioYCF4os	RECEIVING	46739.236079		
5b8b72a603bd00663c3b111306a7a9bb3feda174e7e01731ea685dca58dc9ee1	USDT_TRX	asset-v2:bip122:00000000000000001ebf88508a03865c:TR7NHqjeKQxGTCi8q8ZY4pL8otSzgjLj6t	2025-03-13T15:05:30Z	70408488	0.9999117358508633	0	TAgEaCZGoReTs5WtKTbzDoVYMyioYCF4os	SENDING	50000		
5b8b72a603bd00663c3b111306a7a9bb3feda174e7e01731ea685dca58dc9ee1	USDT_TRX	asset-v2:bip122:00000000000000001ebf88508a03865c:TR7NHqjeKQxGTCi8q8ZY4pL8otSzgjLj6t	2025-03-13T15:05:30Z	70408488	0.9999117358508633	0	TBgjERoUD8vWQcnskv5THst4hiRyHFGobD	RECEIVING	50000		
5da842f4e46a5ac75c1206b7af4189f7bba5b152918bd0976dee6804ad0e5fdb	USDT_TRX	asset-v2:bip122:00000000000000001ebf88508a03865c:TR7NHqjeKQxGTCi8q8ZY4pL8otSzgjLj6t	2025-03-13T15:05:42Z	70408492	0.9999117358508633	0	TBgj4PwtTJ7cuMMafVViSFfG5SAhbFGobD	SENDING	0.050001		
5da842f4e46a5ac75c1206b7af4189f7bba5b152918bd0976dee6804ad0e5fdb	USDT_TRX	asset-v2:bip122:00000000000000001ebf88508a03865c:TR7NHqjeKQxGTCi8q8ZY4pL8otSzgjLj6t	2025-03-13T15:05:42Z	70408492	0.9999117358508633	0	TAgEaCZGoReTs5WtKTbzDoVYMyioYCF4os	RECEIVING	0.050001		
bf0dcb8431478e8e182b24d3687a57d2241a11d4b95eb30327da735c8a09380a	USDT_TRX	asset-v2:bip122:00000000000000001ebf88508a03865c:TR7NHqjeKQxGTCi8q8ZY4pL8otSzgjLj6t	2025-03-14T05:57:18Z	70426320	0.9998847282218338	0	TLaGjwhvA8XQYSxFAcAXy7Dvuue9eGYitv	SENDING	1033.40089	OKX.com	exchange
bf0dcb8431478e8e182b24d3687a57d2241a11d4b95eb30327da735c8a09380a	USDT_TRX	asset-v2:bip122:00000000000000001ebf88508a03865c:TR7NHqjeKQxGTCi8q8ZY4pL8otSzgjLj6t	2025-03-14T05:57:18Z	70426320	0.9998847282218338	0	TAgEaCZGoReTs5WtKTbzDoVYMyioYCF4os	RECEIVING	1033.40089		
7f37390dcfa289a286e9d027021d763d7bc36ffc5b8897d2c3a884cdec670188	USDT_TRX	asset-v2:bip122:00000000000000001ebf88508a03865c:TR7NHqjeKQxGTCi8q8ZY4pL8otSzgjLj6t	2025-03-14T06:33:39Z	70427045	0.9999468669198796	0	TLaGjwhvA8XQYSxFAcAXy7Dvuue9eGYitv	SENDING	15560.491795	OKX.com	exchange
7f37390dcfa289a286e9d027021d763d7bc36ffc5b8897d2c3a884cdec670188	USDT_TRX	asset-v2:bip122:00000000000000001ebf88508a03865c:TR7NHqjeKQxGTCi8q8ZY4pL8otSzgjLj6t	2025-03-14T06:33:39Z	70427045	0.9999468669198796	0	TAgEaCZGoReTs5WtKTbzDoVYMyioYCF4os	RECEIVING	15560.491795		
eb769b5ed6d8ce074447b82f2da61cccb145183ac087dd62b468a0f28cc99068	USDT_TRX	asset-v2:bip122:00000000000000001ebf88508a03865c:TR7NHqjeKQxGTCi8q8ZY4pL8otSzgjLj6t	2025-03-14T07:00:27Z	70427581	0.9999153504401374	0	TLaGjwhvA8XQYSxFAcAXy7Dvuue9eGYitv	SENDING	9673.450473	OKX.com	exchange
eb769b5ed6d8ce074447b82f2da61cccb145183ac087dd62b468a0f28cc99068	USDT_TRX	asset-v2:bip122:00000000000000001ebf88508a03865c:TR7NHqjeKQxGTCi8q8ZY4pL8otSzgjLj6t	2025-03-14T07:00:27Z	70427581	0.9999153504401374	0	TAgEaCZGoReTs5WtKTbzDoVYMyioYCF4os	RECEIVING	9673.450473		
510392a5ea3f9405fa8d52a0adeaff4b03e21f1e8428500fdbc7eae473348dc1	USDT_TRX	asset-v2:bip122:00000000000000001ebf88508a03865c:TR7NHqjeKQxGTCi8q8ZY4pL8otSzgjLj6t	2025-03-14T09:27:48Z	70430528	0.9999051775076006	0	TLaGjwhvA8XQYSxFAcAXy7Dvuue9eGYitv	SENDING	4072.093812	OKX.com	exchange
510392a5ea3f9405fa8d52a0adeaff4b03e21f1e8428500fdbc7eae473348dc1	USDT_TRX	asset-v2:bip122:00000000000000001ebf88508a03865c:TR7NHqjeKQxGTCi8q8ZY4pL8otSzgjLj6t	2025-03-14T09:27:48Z	70430528	0.9999051775076006	0	TAgEaCZGoReTs5WtKTbzDoVYMyioYCF4os	RECEIVING	4072.093812		
7bca859f7e4a197a4155c574a96694cf8a70ab6981884bea50ec49fea2d04b48	USDT_TRX	asset-v2:bip122:00000000000000001ebf88508a03865c:TR7NHqjeKQxGTCi8q8ZY4pL8otSzgjLj6t	2025-03-14T18:30:21Z	70441375	0.9999269891852404	0	TLaGjwhvA8XQYSxFAcAXy7Dvuue9eGYitv	SENDING	48	OKX.com	exchange
7bca859f7e4a197a4155c574a96694cf8a70ab6981884bea50ec49fea2d04b48	USDT_TRX	asset-v2:bip122:00000000000000001ebf88508a03865c:TR7NHqjeKQxGTCi8q8ZY4pL8otSzgjLj6t	2025-03-14T18:30:21Z	70441375	0.9999269891852404	0	TAgEaCZGoReTs5WtKTbzDoVYMyioYCF4os	RECEIVING	48		
5bbcdcbbd74217261fb57cb7477f9e39bd247cda434158302b0e5054a702b4a7	USDT_TRX	asset-v2:bip122:00000000000000001ebf88508a03865c:TR7NHqjeKQxGTCi8q8ZY4pL8otSzgjLj6t	2025-03-14T19:18:15Z	70442333	1.0000879301114123	0	TL1h6pmpSU1uDcptkoQMMcMtbZjpwQv731	SENDING	150000		
5bbcdcbbd74217261fb57cb7477f9e39bd247cda434158302b0e5054a702b4a7	USDT_TRX	asset-v2:bip122:00000000000000001ebf88508a03865c:TR7NHqjeKQxGTCi8q8ZY4pL8otSzgjLj6t	2025-03-14T19:18:15Z	70442333	1.0000879301114123	0	TAgEaCZGoReTs5WtKTbzDoVYMyioYCF4os	RECEIVING	150000		
e4b870765c3c88cc401e0837473d66aaf6d3a9d00bb8d73630550b8d9348c911	USDT_TRX	asset-v2:bip122:00000000000000001ebf88508a03865c:TR7NHqjeKQxGTCi8q8ZY4pL8otSzgjLj6t	2025-03-14T19:40:12Z	70442772	1.0000879301114123	0	TLaGjwhvA8XQYSxFAcAXy7Dvuue9eGYitv	SENDING	140445.43033	OKX.com	exchange
e4b870765c3c88cc401e0837473d66aaf6d3a9d00bb8d73630550b8d9348c911	USDT_TRX	asset-v2:bip122:00000000000000001ebf88508a03865c:TR7NHqjeKQxGTCi8q8ZY4pL8otSzgjLj6t	2025-03-14T19:40:12Z	70442772	1.0000879301114123	0	TAgEaCZGoReTs5WtKTbzDoVYMyioYCF4os	RECEIVING	140445.43033		
ca0e41c061abf8f8705f8bb2520ff855e117627de580bf2e855c61fb67edde4f	USDT_TRX	asset-v2:bip122:00000000000000001ebf88508a03865c:TR7NHqjeKQxGTCi8q8ZY4pL8otSzgjLj6t	2025-03-15T15:20:12Z	70466366	1.0000076513973866	0	TLaGjwhvA8XQYSxFAcAXy7Dvuue9eGYitv	SENDING	48	OKX.com	exchange
ca0e41c061abf8f8705f8bb2520ff855e117627de580bf2e855c61fb67edde4f	USDT_TRX	asset-v2:bip122:00000000000000001ebf88508a03865c:TR7NHqjeKQxGTCi8q8ZY4pL8otSzgjLj6t	2025-03-15T15:20:12Z	70466366	1.0000076513973866	0	TAgEaCZGoReTs5WtKTbzDoVYMyioYCF4os	RECEIVING	48		
fb913e1755cfa97c52d44a6b95fda437d24900c70e9407957c033343b57aafdf	USDT_TRX	asset-v2:bip122:00000000000000001ebf88508a03865c:TR7NHqjeKQxGTCi8q8ZY4pL8otSzgjLj6t	2025-03-15T15:52:30Z	70467012	1.0000076513973866	0	TLaGjwhvA8XQYSxFAcAXy7Dvuue9eGYitv	SENDING	97000.840228	OKX.com	exchange
fb913e1755cfa97c52d44a6b95fda437d24900c70e9407957c033343b57aafdf	USDT_TRX	asset-v2:bip122:00000000000000001ebf88508a03865c:TR7NHqjeKQxGTCi8q8ZY4pL8otSzgjLj6t	2025-03-15T15:52:30Z	70467012	1.0000076513973866	0	TAgEaCZGoReTs5WtKTbzDoVYMyioYCF4os	RECEIVING	97000.840228		
4ebc6947b493268cfa7326c545bd991d2f03155ecd7103ab83ad134c52e4a453	USDT_TRX	asset-v2:bip122:00000000000000001ebf88508a03865c:TR7NHqjeKQxGTCi8q8ZY4pL8otSzgjLj6t	2025-03-15T22:33:39Z	70475033	1.0001119115597323	0	TLaGjwhvA8XQYSxFAcAXy7Dvuue9eGYitv	SENDING	48	OKX.com	exchange
4ebc6947b493268cfa7326c545bd991d2f03155ecd7103ab83ad134c52e4a453	USDT_TRX	asset-v2:bip122:00000000000000001ebf88508a03865c:TR7NHqjeKQxGTCi8q8ZY4pL8otSzgjLj6t	2025-03-15T22:33:39Z	70475033	1.0001119115597323	0	TAgEaCZGoReTs5WtKTbzDoVYMyioYCF4os	RECEIVING	48		
2b9c61d696dc85b5c240d9dfaf69e7406eb4544a11951f0e583b6e1731f1b145	USDT_TRX	asset-v2:bip122:00000000000000001ebf88508a03865c:TR7NHqjeKQxGTCi8q8ZY4pL8otSzgjLj6t	2025-03-15T23:52:27Z	70476609	1.0000771010070764	0	TLaGjwhvA8XQYSxFAcAXy7Dvuue9eGYitv	SENDING	80074.736006	OKX.com	exchange
2b9c61d696dc85b5c240d9dfaf69e7406eb4544a11951f0e583b6e1731f1b145	USDT_TRX	asset-v2:bip122:00000000000000001ebf88508a03865c:TR7NHqjeKQxGTCi8q8ZY4pL8otSzgjLj6t	2025-03-15T23:52:27Z	70476609	1.0000771010070764	0	TAgEaCZGoReTs5WtKTbzDoVYMyioYCF4os	RECEIVING	80074.736006		
398ba403ae1cae789a8dde33e4da8606ff03c86f4b6416a090fd96f258db9b3b	USDT_TRX	asset-v2:bip122:00000000000000001ebf88508a03865c:TR7NHqjeKQxGTCi8q8ZY4pL8otSzgjLj6t	2025-03-16T01:12:06Z	70478200	1.0000546114994502	0	TLaGjwhvA8XQYSxFAcAXy7Dvuue9eGYitv	SENDING	20046.127326	OKX.com	exchange
398ba403ae1cae789a8dde33e4da8606ff03c86f4b6416a090fd96f258db9b3b	USDT_TRX	asset-v2:bip122:00000000000000001ebf88508a03865c:TR7NHqjeKQxGTCi8q8ZY4pL8otSzgjLj6t	2025-03-16T01:12:06Z	70478200	1.0000546114994502	0	TAgEaCZGoReTs5WtKTbzDoVYMyioYCF4os	RECEIVING	20046.127326		
2a04cbde8cced7a2bf741cff8d114a8d7e0c59b3f568d74354b741fbd515b684	USDT_TRX	asset-v2:bip122:00000000000000001ebf88508a03865c:TR7NHqjeKQxGTCi8q8ZY4pL8otSzgjLj6t	2025-03-16T02:45:03Z	70480059	1.0003446443944652	0	TAgEaCZGoReTs5WtKTbzDoVYMyioYCF4os	SENDING	200000		
2a04cbde8cced7a2bf741cff8d114a8d7e0c59b3f568d74354b741fbd515b684	USDT_TRX	asset-v2:bip122:00000000000000001ebf88508a03865c:TR7NHqjeKQxGTCi8q8ZY4pL8otSzgjLj6t	2025-03-16T02:45:03Z	70480059	1.0003446443944652	0	TYviUSdFPYTt9qkLVHJqsxfoBP52dSkRCU	RECEIVING	200000		
af89c4dc7d43a3f23e1253c1f0486c341d1bd64964694cc8f534990d58816829	USDT_TRX	asset-v2:bip122:00000000000000001ebf88508a03865c:TR7NHqjeKQxGTCi8q8ZY4pL8otSzgjLj6t	2025-03-16T02:45:12Z	70480062	1.0003446443944652	0	TAgEaCZGoReTs5WtKTbzDoVYMyioYCF4os	SENDING	0		
af89c4dc7d43a3f23e1253c1f0486c341d1bd64964694cc8f534990d58816829	USDT_TRX	asset-v2:bip122:00000000000000001ebf88508a03865c:TR7NHqjeKQxGTCi8q8ZY4pL8otSzgjLj6t	2025-03-16T02:45:12Z	70480062	1.0003446443944652	0	TYviwgvTSnfPvsnviPaWSjLXFSCYRSkRCU	RECEIVING	0		
a69a9453d0918e1e4b2a30c2c45ff0350ff1870e1eb8fc08ec3a6e1f8838b1d4	USDT_TRX	asset-v2:bip122:00000000000000001ebf88508a03865c:TR7NHqjeKQxGTCi8q8ZY4pL8otSzgjLj6t	2025-03-16T02:45:15Z	70480063	1.0003446443944652	0	TYviwgvTSnfPvsnviPaWSjLXFSCYRSkRCU	SENDING	0.02		
a69a9453d0918e1e4b2a30c2c45ff0350ff1870e1eb8fc08ec3a6e1f8838b1d4	USDT_TRX	asset-v2:bip122:00000000000000001ebf88508a03865c:TR7NHqjeKQxGTCi8q8ZY4pL8otSzgjLj6t	2025-03-16T02:45:15Z	70480063	1.0003446443944652	0	TAgEaCZGoReTs5WtKTbzDoVYMyioYCF4os	RECEIVING	0.02		
565ca7fc9deb4c63c128ebb8b8b62144e2cee7cb1156a7c282d9e494924b2e8c	USDT_TRX	asset-v2:bip122:00000000000000001ebf88508a03865c:TR7NHqjeKQxGTCi8q8ZY4pL8otSzgjLj6t	2025-03-16T09:32:39Z	70488209	1.0000235648012414	0	TLaGjwhvA8XQYSxFAcAXy7Dvuue9eGYitv	SENDING	4047.733348	OKX.com	exchange
565ca7fc9deb4c63c128ebb8b8b62144e2cee7cb1156a7c282d9e494924b2e8c	USDT_TRX	asset-v2:bip122:00000000000000001ebf88508a03865c:TR7NHqjeKQxGTCi8q8ZY4pL8otSzgjLj6t	2025-03-16T09:32:39Z	70488209	1.0000235648012414	0	TAgEaCZGoReTs5WtKTbzDoVYMyioYCF4os	RECEIVING	4047.733348		
93aaed72cf94ebe4158a1e0adc51bb44fa0c6835ed332fbd7a7ec2868ddb3d8f	USDT_TRX	asset-v2:bip122:00000000000000001ebf88508a03865c:TR7NHqjeKQxGTCi8q8ZY4pL8otSzgjLj6t	2025-03-17T08:28:51Z	70515725	0.999914466281326	0	TAgEaCZGoReTs5WtKTbzDoVYMyioYCF4os	SENDING	132970		
93aaed72cf94ebe4158a1e0adc51bb44fa0c6835ed332fbd7a7ec2868ddb3d8f	USDT_TRX	asset-v2:bip122:00000000000000001ebf88508a03865c:TR7NHqjeKQxGTCi8q8ZY4pL8otSzgjLj6t	2025-03-17T08:28:51Z	70515725	0.999914466281326	0	TCZS7nAwJKM3EjBQnihXDnP6b1c7C4rp9y	RECEIVING	132970		
d6a12322eae5e028238d26bddc1ff58bf20bc7afb87d5fdfd0cb47f2c30f0c3a	USDT_TRX	asset-v2:bip122:00000000000000001ebf88508a03865c:TR7NHqjeKQxGTCi8q8ZY4pL8otSzgjLj6t	2025-03-17T08:29:03Z	70515729	0.999914466281326	0	TAgEaCZGoReTs5WtKTbzDoVYMyioYCF4os	SENDING	0		
d6a12322eae5e028238d26bddc1ff58bf20bc7afb87d5fdfd0cb47f2c30f0c3a	USDT_TRX	asset-v2:bip122:00000000000000001ebf88508a03865c:TR7NHqjeKQxGTCi8q8ZY4pL8otSzgjLj6t	2025-03-17T08:29:03Z	70515729	0.999914466281326	0	TCZA429X4kvpyEpvKiV5aruqig1iC4rp9y	RECEIVING	0		
7d2dc2cd1374607cce2b30482867e334def4e2d8aaf9a58668fbd7a172f977ae	USDT_TRX	asset-v2:bip122:00000000000000001ebf88508a03865c:TR7NHqjeKQxGTCi8q8ZY4pL8otSzgjLj6t	2025-03-17T08:29:09Z	70515731	0.999914466281326	0	TCZA429X4kvpyEpvKiV5aruqig1iC4rp9y	SENDING	0.013297		
7d2dc2cd1374607cce2b30482867e334def4e2d8aaf9a58668fbd7a172f977ae	USDT_TRX	asset-v2:bip122:00000000000000001ebf88508a03865c:TR7NHqjeKQxGTCi8q8ZY4pL8otSzgjLj6t	2025-03-17T08:29:09Z	70515731	0.999914466281326	0	TAgEaCZGoReTs5WtKTbzDoVYMyioYCF4os	RECEIVING	0.013297		
b72c7f4a0365f11d91342941c83250a0afc0ea9d898c6dac820a03d1f5aae71d	USDT_TRX	asset-v2:bip122:00000000000000001ebf88508a03865c:TR7NHqjeKQxGTCi8q8ZY4pL8otSzgjLj6t	2025-03-17T09:43:21Z	70517215	0.9999472927518533	0	TAgEaCZGoReTs5WtKTbzDoVYMyioYCF4os	SENDING	50000		
b72c7f4a0365f11d91342941c83250a0afc0ea9d898c6dac820a03d1f5aae71d	USDT_TRX	asset-v2:bip122:00000000000000001ebf88508a03865c:TR7NHqjeKQxGTCi8q8ZY4pL8otSzgjLj6t	2025-03-17T09:43:21Z	70517215	0.9999472927518533	0	TBgjERoUD8vWQcnskv5THst4hiRyHFGobD	RECEIVING	50000		
2f1192a8926c7740165ad3c77414d0c29f1b9790995033f0552cde1d8c59c655	USDT_TRX	asset-v2:bip122:00000000000000001ebf88508a03865c:TR7NHqjeKQxGTCi8q8ZY4pL8otSzgjLj6t	2025-03-17T09:43:33Z	70517219	0.9999472927518533	0	TBgj4PwtTJ7cuMMafVViSFfG5SAhbFGobD	SENDING	0.050001		
2f1192a8926c7740165ad3c77414d0c29f1b9790995033f0552cde1d8c59c655	USDT_TRX	asset-v2:bip122:00000000000000001ebf88508a03865c:TR7NHqjeKQxGTCi8q8ZY4pL8otSzgjLj6t	2025-03-17T09:43:33Z	70517219	0.9999472927518533	0	TAgEaCZGoReTs5WtKTbzDoVYMyioYCF4os	RECEIVING	0.050001		
028c966364090eaaacbdb1d451974489d874cd2215a91c796f92454f882b0cc5	USDT_TRX	asset-v2:bip122:00000000000000001ebf88508a03865c:TR7NHqjeKQxGTCi8q8ZY4pL8otSzgjLj6t	2025-03-19T04:28:39Z	70568507	1.0001409320258907	0	TLaGjwhvA8XQYSxFAcAXy7Dvuue9eGYitv	SENDING	98	OKX.com	exchange
028c966364090eaaacbdb1d451974489d874cd2215a91c796f92454f882b0cc5	USDT_TRX	asset-v2:bip122:00000000000000001ebf88508a03865c:TR7NHqjeKQxGTCi8q8ZY4pL8otSzgjLj6t	2025-03-19T04:28:39Z	70568507	1.0001409320258907	0	TAgEaCZGoReTs5WtKTbzDoVYMyioYCF4os	RECEIVING	98		
c9db1459de0f646c5eed854b745ffe1338269079babb363dec95051b72b0242e	USDT_TRX	asset-v2:bip122:00000000000000001ebf88508a03865c:TR7NHqjeKQxGTCi8q8ZY4pL8otSzgjLj6t	2025-03-19T04:53:09Z	70568997	1.0001409320258907	0	TLaGjwhvA8XQYSxFAcAXy7Dvuue9eGYitv	SENDING	60628.937173	OKX.com	exchange
c9db1459de0f646c5eed854b745ffe1338269079babb363dec95051b72b0242e	USDT_TRX	asset-v2:bip122:00000000000000001ebf88508a03865c:TR7NHqjeKQxGTCi8q8ZY4pL8otSzgjLj6t	2025-03-19T04:53:09Z	70568997	1.0001409320258907	0	TAgEaCZGoReTs5WtKTbzDoVYMyioYCF4os	RECEIVING	60628.937173		
6b56eb27b8d81127729f6a2e5c573a123f0359649ef2f29cf08ba8981ffe4c8d	USDT_TRX	asset-v2:bip122:00000000000000001ebf88508a03865c:TR7NHqjeKQxGTCi8q8ZY4pL8otSzgjLj6t	2025-03-19T04:56:39Z	70569067	1.0001409320258907	0	TLaGjwhvA8XQYSxFAcAXy7Dvuue9eGYitv	SENDING	70593.897382	OKX.com	exchange
6b56eb27b8d81127729f6a2e5c573a123f0359649ef2f29cf08ba8981ffe4c8d	USDT_TRX	asset-v2:bip122:00000000000000001ebf88508a03865c:TR7NHqjeKQxGTCi8q8ZY4pL8otSzgjLj6t	2025-03-19T04:56:39Z	70569067	1.0001409320258907	0	TAgEaCZGoReTs5WtKTbzDoVYMyioYCF4os	RECEIVING	70593.897382		
d50cdd56fb438a95548c917968fd24b73c3dd109c7c3331a4c755101af88b2df	USDT_TRX	asset-v2:bip122:00000000000000001ebf88508a03865c:TR7NHqjeKQxGTCi8q8ZY4pL8otSzgjLj6t	2025-03-19T05:18:39Z	70569507	1.0000979489492485	0	TLaGjwhvA8XQYSxFAcAXy7Dvuue9eGYitv	SENDING	7820.183022	OKX.com	exchange
d50cdd56fb438a95548c917968fd24b73c3dd109c7c3331a4c755101af88b2df	USDT_TRX	asset-v2:bip122:00000000000000001ebf88508a03865c:TR7NHqjeKQxGTCi8q8ZY4pL8otSzgjLj6t	2025-03-19T05:18:39Z	70569507	1.0000979489492485	0	TAgEaCZGoReTs5WtKTbzDoVYMyioYCF4os	RECEIVING	7820.183022		
d930b8e2d644c95085ad30709b00374182d255dec99cda7e593a318d73edce55	USDT_TRX	asset-v2:bip122:00000000000000001ebf88508a03865c:TR7NHqjeKQxGTCi8q8ZY4pL8otSzgjLj6t	2025-03-19T05:31:09Z	70569757	1.0000979489492485	0	TLaGjwhvA8XQYSxFAcAXy7Dvuue9eGYitv	SENDING	17638.639807	OKX.com	exchange
d930b8e2d644c95085ad30709b00374182d255dec99cda7e593a318d73edce55	USDT_TRX	asset-v2:bip122:00000000000000001ebf88508a03865c:TR7NHqjeKQxGTCi8q8ZY4pL8otSzgjLj6t	2025-03-19T05:31:09Z	70569757	1.0000979489492485	0	TAgEaCZGoReTs5WtKTbzDoVYMyioYCF4os	RECEIVING	17638.639807		
fd75c15ac68f064ba025561c65922b3c79167925339faa61271a1759feb01e14	USDT_TRX	asset-v2:bip122:00000000000000001ebf88508a03865c:TR7NHqjeKQxGTCi8q8ZY4pL8otSzgjLj6t	2025-03-19T06:37:27Z	70571081	1.0001063262642735	0	TLaGjwhvA8XQYSxFAcAXy7Dvuue9eGYitv	SENDING	4960.413453	OKX.com	exchange
fd75c15ac68f064ba025561c65922b3c79167925339faa61271a1759feb01e14	USDT_TRX	asset-v2:bip122:00000000000000001ebf88508a03865c:TR7NHqjeKQxGTCi8q8ZY4pL8otSzgjLj6t	2025-03-19T06:37:27Z	70571081	1.0001063262642735	0	TAgEaCZGoReTs5WtKTbzDoVYMyioYCF4os	RECEIVING	4960.413453		
e8054443ca25a94793a8f1987e07d861eb3f1fb87ea91a1f332bf0cde47d82da	USDT_TRX	asset-v2:bip122:00000000000000001ebf88508a03865c:TR7NHqjeKQxGTCi8q8ZY4pL8otSzgjLj6t	2025-03-20T00:33:15Z	70592591	1.0002956725374026	0	TLaGjwhvA8XQYSxFAcAXy7Dvuue9eGYitv	SENDING	48	OKX.com	exchange
e8054443ca25a94793a8f1987e07d861eb3f1fb87ea91a1f332bf0cde47d82da	USDT_TRX	asset-v2:bip122:00000000000000001ebf88508a03865c:TR7NHqjeKQxGTCi8q8ZY4pL8otSzgjLj6t	2025-03-20T00:33:15Z	70592591	1.0002956725374026	0	TAgEaCZGoReTs5WtKTbzDoVYMyioYCF4os	RECEIVING	48		
333971851e94817fdd2480e4535627ab212684f6e195408af7ec928d02fe8003	USDT_TRX	asset-v2:bip122:00000000000000001ebf88508a03865c:TR7NHqjeKQxGTCi8q8ZY4pL8otSzgjLj6t	2025-03-20T00:58:06Z	70593088	1.0002956725374026	0	TLaGjwhvA8XQYSxFAcAXy7Dvuue9eGYitv	SENDING	46668.020864	OKX.com	exchange
333971851e94817fdd2480e4535627ab212684f6e195408af7ec928d02fe8003	USDT_TRX	asset-v2:bip122:00000000000000001ebf88508a03865c:TR7NHqjeKQxGTCi8q8ZY4pL8otSzgjLj6t	2025-03-20T00:58:06Z	70593088	1.0002956725374026	0	TAgEaCZGoReTs5WtKTbzDoVYMyioYCF4os	RECEIVING	46668.020864		
c8a4f66ebd23a45a57bc8bda9c028de01c73987107c79eea717225fcdf4d1ecc	USDT_TRX	asset-v2:bip122:00000000000000001ebf88508a03865c:TR7NHqjeKQxGTCi8q8ZY4pL8otSzgjLj6t	2025-03-20T01:43:57Z	70594005	1.000299473956888	0	TLaGjwhvA8XQYSxFAcAXy7Dvuue9eGYitv	SENDING	35597.519628	OKX.com	exchange
c8a4f66ebd23a45a57bc8bda9c028de01c73987107c79eea717225fcdf4d1ecc	USDT_TRX	asset-v2:bip122:00000000000000001ebf88508a03865c:TR7NHqjeKQxGTCi8q8ZY4pL8otSzgjLj6t	2025-03-20T01:43:57Z	70594005	1.000299473956888	0	TAgEaCZGoReTs5WtKTbzDoVYMyioYCF4os	RECEIVING	35597.519628		
453c99e8895ca69083f76af47aa96bcae3efdeb7b060ce183e3ff67977c838d4	USDT_TRX	asset-v2:bip122:00000000000000001ebf88508a03865c:TR7NHqjeKQxGTCi8q8ZY4pL8otSzgjLj6t	2025-03-21T05:44:18Z	70627604	0.9997249095199406	0	TLaGjwhvA8XQYSxFAcAXy7Dvuue9eGYitv	SENDING	949.659921	OKX.com	exchange
453c99e8895ca69083f76af47aa96bcae3efdeb7b060ce183e3ff67977c838d4	USDT_TRX	asset-v2:bip122:00000000000000001ebf88508a03865c:TR7NHqjeKQxGTCi8q8ZY4pL8otSzgjLj6t	2025-03-21T05:44:18Z	70627604	0.9997249095199406	0	TAgEaCZGoReTs5WtKTbzDoVYMyioYCF4os	RECEIVING	949.659921		
1f7a395d3a1adb321642521d09f7685fcd0588363e578bb4a30056e337848d7e	USDT_TRX	asset-v2:bip122:00000000000000001ebf88508a03865c:TR7NHqjeKQxGTCi8q8ZY4pL8otSzgjLj6t	2025-03-22T07:24:27Z	70658396	0.9996282345277386	0	TAgEaCZGoReTs5WtKTbzDoVYMyioYCF4os	SENDING	50000		
1f7a395d3a1adb321642521d09f7685fcd0588363e578bb4a30056e337848d7e	USDT_TRX	asset-v2:bip122:00000000000000001ebf88508a03865c:TR7NHqjeKQxGTCi8q8ZY4pL8otSzgjLj6t	2025-03-22T07:24:27Z	70658396	0.9996282345277386	0	TBgjERoUD8vWQcnskv5THst4hiRyHFGobD	RECEIVING	50000		
f2d62d39d701707d567eafb7c79bd242399f734a90d53e5d59e494bea8c380fb	USDT_TRX	asset-v2:bip122:00000000000000001ebf88508a03865c:TR7NHqjeKQxGTCi8q8ZY4pL8otSzgjLj6t	2025-03-22T07:24:39Z	70658400	0.9996282345277386	0	TBgj4PwtTJ7cuMMafVViSFfG5SAhbFGobD	SENDING	0.050001		
f2d62d39d701707d567eafb7c79bd242399f734a90d53e5d59e494bea8c380fb	USDT_TRX	asset-v2:bip122:00000000000000001ebf88508a03865c:TR7NHqjeKQxGTCi8q8ZY4pL8otSzgjLj6t	2025-03-22T07:24:39Z	70658400	0.9996282345277386	0	TAgEaCZGoReTs5WtKTbzDoVYMyioYCF4os	RECEIVING	0.050001		
985ea670f01c674cbe0fd27b19f4707ddb9404319e03afa8e5a90794f552ee3e	USDT_TRX	asset-v2:bip122:00000000000000001ebf88508a03865c:TR7NHqjeKQxGTCi8q8ZY4pL8otSzgjLj6t	2025-03-23T07:24:18Z	70687185	1.0000315806619884	0	TLaGjwhvA8XQYSxFAcAXy7Dvuue9eGYitv	SENDING	48	OKX.com	exchange
985ea670f01c674cbe0fd27b19f4707ddb9404319e03afa8e5a90794f552ee3e	USDT_TRX	asset-v2:bip122:00000000000000001ebf88508a03865c:TR7NHqjeKQxGTCi8q8ZY4pL8otSzgjLj6t	2025-03-23T07:24:18Z	70687185	1.0000315806619884	0	TAgEaCZGoReTs5WtKTbzDoVYMyioYCF4os	RECEIVING	48		
ebb6fb220ebb34f05f6fa254be5df6c3c924be1ddc7bdde898d111ae9ebc78cc	USDT_TRX	asset-v2:bip122:00000000000000001ebf88508a03865c:TR7NHqjeKQxGTCi8q8ZY4pL8otSzgjLj6t	2025-03-23T09:02:36Z	70689151	1.0000250823402412	0	TLaGjwhvA8XQYSxFAcAXy7Dvuue9eGYitv	SENDING	56003.529745	OKX.com	exchange
ebb6fb220ebb34f05f6fa254be5df6c3c924be1ddc7bdde898d111ae9ebc78cc	USDT_TRX	asset-v2:bip122:00000000000000001ebf88508a03865c:TR7NHqjeKQxGTCi8q8ZY4pL8otSzgjLj6t	2025-03-23T09:02:36Z	70689151	1.0000250823402412	0	TAgEaCZGoReTs5WtKTbzDoVYMyioYCF4os	RECEIVING	56003.529745		
13f39e62587941d7846ad004db167462e1eede908e77cdbcf98455cd70b2daea	USDT_TRX	asset-v2:bip122:00000000000000001ebf88508a03865c:TR7NHqjeKQxGTCi8q8ZY4pL8otSzgjLj6t	2025-03-24T16:53:15Z	70727354	1.0000049117632819	0	TLaGjwhvA8XQYSxFAcAXy7Dvuue9eGYitv	SENDING	48	OKX.com	exchange
13f39e62587941d7846ad004db167462e1eede908e77cdbcf98455cd70b2daea	USDT_TRX	asset-v2:bip122:00000000000000001ebf88508a03865c:TR7NHqjeKQxGTCi8q8ZY4pL8otSzgjLj6t	2025-03-24T16:53:15Z	70727354	1.0000049117632819	0	TAgEaCZGoReTs5WtKTbzDoVYMyioYCF4os	RECEIVING	48		
f299f80192da7c181383984eb3ba2c10676227d45b4810e494360b6015ac3153	USDT_TRX	asset-v2:bip122:00000000000000001ebf88508a03865c:TR7NHqjeKQxGTCi8q8ZY4pL8otSzgjLj6t	2025-03-24T17:45:48Z	70728405	1.000071937545623	0	TLaGjwhvA8XQYSxFAcAXy7Dvuue9eGYitv	SENDING	49013.184439	OKX.com	exchange
f299f80192da7c181383984eb3ba2c10676227d45b4810e494360b6015ac3153	USDT_TRX	asset-v2:bip122:00000000000000001ebf88508a03865c:TR7NHqjeKQxGTCi8q8ZY4pL8otSzgjLj6t	2025-03-24T17:45:48Z	70728405	1.000071937545623	0	TAgEaCZGoReTs5WtKTbzDoVYMyioYCF4os	RECEIVING	49013.184439		
85049fa76560f197390668e543c202dbdb241b344d504ebf4e771eb1e8ef6b99	USDT_TRX	asset-v2:bip122:00000000000000001ebf88508a03865c:TR7NHqjeKQxGTCi8q8ZY4pL8otSzgjLj6t	2025-03-24T18:04:09Z	70728766	1.0001866686402332	0	TLaGjwhvA8XQYSxFAcAXy7Dvuue9eGYitv	SENDING	15083.736889	OKX.com	exchange
85049fa76560f197390668e543c202dbdb241b344d504ebf4e771eb1e8ef6b99	USDT_TRX	asset-v2:bip122:00000000000000001ebf88508a03865c:TR7NHqjeKQxGTCi8q8ZY4pL8otSzgjLj6t	2025-03-24T18:04:09Z	70728766	1.0001866686402332	0	TAgEaCZGoReTs5WtKTbzDoVYMyioYCF4os	RECEIVING	15083.736889		
b3497cd550275ba9d0ff98312b1933fca3b0a46ac4821c9bd7aa7f23e47f3f1f	USDT_TRX	asset-v2:bip122:00000000000000001ebf88508a03865c:TR7NHqjeKQxGTCi8q8ZY4pL8otSzgjLj6t	2025-03-25T03:50:15Z	70740484	1.0001548378463738	0	TLaGjwhvA8XQYSxFAcAXy7Dvuue9eGYitv	SENDING	4739.059389	OKX.com	exchange
b3497cd550275ba9d0ff98312b1933fca3b0a46ac4821c9bd7aa7f23e47f3f1f	USDT_TRX	asset-v2:bip122:00000000000000001ebf88508a03865c:TR7NHqjeKQxGTCi8q8ZY4pL8otSzgjLj6t	2025-03-25T03:50:15Z	70740484	1.0001548378463738	0	TAgEaCZGoReTs5WtKTbzDoVYMyioYCF4os	RECEIVING	4739.059389		
cc10ae6bc9ac3998271c9ca40066011567ed7ffa57b9e52603abf426e5fd2179	USDT_TRX	asset-v2:bip122:00000000000000001ebf88508a03865c:TR7NHqjeKQxGTCi8q8ZY4pL8otSzgjLj6t	2025-03-25T11:09:06Z	70749259	1.0001354507487372	0	TAgEaCZGoReTs5WtKTbzDoVYMyioYCF4os	SENDING	50000		
cc10ae6bc9ac3998271c9ca40066011567ed7ffa57b9e52603abf426e5fd2179	USDT_TRX	asset-v2:bip122:00000000000000001ebf88508a03865c:TR7NHqjeKQxGTCi8q8ZY4pL8otSzgjLj6t	2025-03-25T11:09:06Z	70749259	1.0001354507487372	0	TBgjERoUD8vWQcnskv5THst4hiRyHFGobD	RECEIVING	50000		
a4efdf73fd6a6070583ad336b8e50106b6a62d291b1383a3a456b6ec1a6db42e	USDT_TRX	asset-v2:bip122:00000000000000001ebf88508a03865c:TR7NHqjeKQxGTCi8q8ZY4pL8otSzgjLj6t	2025-03-25T13:04:27Z	70751564	1.0000766403825199	0	TLaGjwhvA8XQYSxFAcAXy7Dvuue9eGYitv	SENDING	48	OKX.com	exchange
a4efdf73fd6a6070583ad336b8e50106b6a62d291b1383a3a456b6ec1a6db42e	USDT_TRX	asset-v2:bip122:00000000000000001ebf88508a03865c:TR7NHqjeKQxGTCi8q8ZY4pL8otSzgjLj6t	2025-03-25T13:04:27Z	70751564	1.0000766403825199	0	TAgEaCZGoReTs5WtKTbzDoVYMyioYCF4os	RECEIVING	48		
f7c6196ddaa2b82446a66d8190ae08e7a62c4e61904186b0bd39c26bdafcaaf4	USDT_TRX	asset-v2:bip122:00000000000000001ebf88508a03865c:TR7NHqjeKQxGTCi8q8ZY4pL8otSzgjLj6t	2025-03-25T13:30:45Z	70752090	1.0000766403825199	0	TAgEaCZGoReTs5WtKTbzDoVYMyioYCF4os	SENDING	50000		
f7c6196ddaa2b82446a66d8190ae08e7a62c4e61904186b0bd39c26bdafcaaf4	USDT_TRX	asset-v2:bip122:00000000000000001ebf88508a03865c:TR7NHqjeKQxGTCi8q8ZY4pL8otSzgjLj6t	2025-03-25T13:30:45Z	70752090	1.0000766403825199	0	TBgjERoUD8vWQcnskv5THst4hiRyHFGobD	RECEIVING	50000		
bd09245c08e9876a67f9c18843c260ff1498505bce309ae70613b44519b80633	USDT_TRX	asset-v2:bip122:00000000000000001ebf88508a03865c:TR7NHqjeKQxGTCi8q8ZY4pL8otSzgjLj6t	2025-03-25T13:30:57Z	70752094	1.0000766403825199	0	TBgj4PwtTJ7cuMMafVViSFfG5SAhbFGobD	SENDING	0.050001		
bd09245c08e9876a67f9c18843c260ff1498505bce309ae70613b44519b80633	USDT_TRX	asset-v2:bip122:00000000000000001ebf88508a03865c:TR7NHqjeKQxGTCi8q8ZY4pL8otSzgjLj6t	2025-03-25T13:30:57Z	70752094	1.0000766403825199	0	TAgEaCZGoReTs5WtKTbzDoVYMyioYCF4os	RECEIVING	0.050001		
791224c5435a3dca5573479327473335f93a84922a9915109e1c4e0149835309	USDT_TRX	asset-v2:bip122:00000000000000001ebf88508a03865c:TR7NHqjeKQxGTCi8q8ZY4pL8otSzgjLj6t	2025-03-25T13:49:27Z	70752464	1.0000766403825199	0	TLaGjwhvA8XQYSxFAcAXy7Dvuue9eGYitv	SENDING	90641.016722	OKX.com	exchange
791224c5435a3dca5573479327473335f93a84922a9915109e1c4e0149835309	USDT_TRX	asset-v2:bip122:00000000000000001ebf88508a03865c:TR7NHqjeKQxGTCi8q8ZY4pL8otSzgjLj6t	2025-03-25T13:49:27Z	70752464	1.0000766403825199	0	TAgEaCZGoReTs5WtKTbzDoVYMyioYCF4os	RECEIVING	90641.016722		
2b1638745c670d04d0dd7618cc47191c80812f0147aa1af4acedd506ef997195	USDT_TRX	asset-v2:bip122:00000000000000001ebf88508a03865c:TR7NHqjeKQxGTCi8q8ZY4pL8otSzgjLj6t	2025-03-27T11:24:12Z	70807144	1.000168791340835	0	TLaGjwhvA8XQYSxFAcAXy7Dvuue9eGYitv	SENDING	1055.26358	OKX.com	exchange
2b1638745c670d04d0dd7618cc47191c80812f0147aa1af4acedd506ef997195	USDT_TRX	asset-v2:bip122:00000000000000001ebf88508a03865c:TR7NHqjeKQxGTCi8q8ZY4pL8otSzgjLj6t	2025-03-27T11:24:12Z	70807144	1.000168791340835	0	TAgEaCZGoReTs5WtKTbzDoVYMyioYCF4os	RECEIVING	1055.26358		
e63045bef135a9f3a91405fa006d9a2fbbeeb32aaa05590f4f0481ecbd435a26	USDT_TRX	asset-v2:bip122:00000000000000001ebf88508a03865c:TR7NHqjeKQxGTCi8q8ZY4pL8otSzgjLj6t	2025-03-27T13:19:51Z	70809455	1.0001911297110588	0	TLaGjwhvA8XQYSxFAcAXy7Dvuue9eGYitv	SENDING	108580.879156	OKX.com	exchange
e63045bef135a9f3a91405fa006d9a2fbbeeb32aaa05590f4f0481ecbd435a26	USDT_TRX	asset-v2:bip122:00000000000000001ebf88508a03865c:TR7NHqjeKQxGTCi8q8ZY4pL8otSzgjLj6t	2025-03-27T13:19:51Z	70809455	1.0001911297110588	0	TAgEaCZGoReTs5WtKTbzDoVYMyioYCF4os	RECEIVING	108580.879156		
409a8f0ffa2a47ed263dd1283beb9e063c475ba78caace462f902be36761afd6	USDT_TRX	asset-v2:bip122:00000000000000001ebf88508a03865c:TR7NHqjeKQxGTCi8q8ZY4pL8otSzgjLj6t	2025-03-28T05:32:30Z	70828904	0.9998972846507302	0	TLaGjwhvA8XQYSxFAcAXy7Dvuue9eGYitv	SENDING	48	OKX.com	exchange
409a8f0ffa2a47ed263dd1283beb9e063c475ba78caace462f902be36761afd6	USDT_TRX	asset-v2:bip122:00000000000000001ebf88508a03865c:TR7NHqjeKQxGTCi8q8ZY4pL8otSzgjLj6t	2025-03-28T05:32:30Z	70828904	0.9998972846507302	0	TAgEaCZGoReTs5WtKTbzDoVYMyioYCF4os	RECEIVING	48		
77a33b4868f803096d7836f4df42fbe8574173f08af39cfb336825d851b34b87	USDT_TRX	asset-v2:bip122:00000000000000001ebf88508a03865c:TR7NHqjeKQxGTCi8q8ZY4pL8otSzgjLj6t	2025-03-28T06:38:00Z	70830212	0.9999134329936558	0	TLaGjwhvA8XQYSxFAcAXy7Dvuue9eGYitv	SENDING	40681.815675	OKX.com	exchange
77a33b4868f803096d7836f4df42fbe8574173f08af39cfb336825d851b34b87	USDT_TRX	asset-v2:bip122:00000000000000001ebf88508a03865c:TR7NHqjeKQxGTCi8q8ZY4pL8otSzgjLj6t	2025-03-28T06:38:00Z	70830212	0.9999134329936558	0	TAgEaCZGoReTs5WtKTbzDoVYMyioYCF4os	RECEIVING	40681.815675		
09b5ab76d6a4127d44415c9540a50ba1981281f745c8b81c2cd6e94a74834f3a	USDT_TRX	asset-v2:bip122:00000000000000001ebf88508a03865c:TR7NHqjeKQxGTCi8q8ZY4pL8otSzgjLj6t	2025-03-28T08:41:09Z	70832675	0.999709861228094	0	TLaGjwhvA8XQYSxFAcAXy7Dvuue9eGYitv	SENDING	30832.96337	OKX.com	exchange
09b5ab76d6a4127d44415c9540a50ba1981281f745c8b81c2cd6e94a74834f3a	USDT_TRX	asset-v2:bip122:00000000000000001ebf88508a03865c:TR7NHqjeKQxGTCi8q8ZY4pL8otSzgjLj6t	2025-03-28T08:41:09Z	70832675	0.999709861228094	0	TAgEaCZGoReTs5WtKTbzDoVYMyioYCF4os	RECEIVING	30832.96337		
1ed2f9e3ee3f0854687c6ba2b26893e756df413a2ff959b92e75d0732b5888fb	USDT_TRX	asset-v2:bip122:00000000000000001ebf88508a03865c:TR7NHqjeKQxGTCi8q8ZY4pL8otSzgjLj6t	2025-03-28T14:56:24Z	70840178	0.9998505421756986	0	TAgEaCZGoReTs5WtKTbzDoVYMyioYCF4os	SENDING	100000		
1ed2f9e3ee3f0854687c6ba2b26893e756df413a2ff959b92e75d0732b5888fb	USDT_TRX	asset-v2:bip122:00000000000000001ebf88508a03865c:TR7NHqjeKQxGTCi8q8ZY4pL8otSzgjLj6t	2025-03-28T14:56:24Z	70840178	0.9998505421756986	0	TBgjERoUD8vWQcnskv5THst4hiRyHFGobD	RECEIVING	100000		
e818667ec59feec1de6f2c4f29ad0e8c8d9750fd713ccdbae3bf9d7c54aff308	USDT_TRX	asset-v2:bip122:00000000000000001ebf88508a03865c:TR7NHqjeKQxGTCi8q8ZY4pL8otSzgjLj6t	2025-03-28T14:56:33Z	70840181	0.9998505421756986	0	TAgEaCZGoReTs5WtKTbzDoVYMyioYCF4os	SENDING	0		
e818667ec59feec1de6f2c4f29ad0e8c8d9750fd713ccdbae3bf9d7c54aff308	USDT_TRX	asset-v2:bip122:00000000000000001ebf88508a03865c:TR7NHqjeKQxGTCi8q8ZY4pL8otSzgjLj6t	2025-03-28T14:56:33Z	70840181	0.9998505421756986	0	TBgj4PwtTJ7cuMMafVViSFfG5SAhbFGobD	RECEIVING	0		
fbe4bdbf5e5fa042819b804e5d6bbfd6c9171e02852a2f85c230fd86b298206a	USDT_TRX	asset-v2:bip122:00000000000000001ebf88508a03865c:TR7NHqjeKQxGTCi8q8ZY4pL8otSzgjLj6t	2025-03-28T14:56:39Z	70840183	0.9998505421756986	0	TBgj4PwtTJ7cuMMafVViSFfG5SAhbFGobD	SENDING	0.01		
fbe4bdbf5e5fa042819b804e5d6bbfd6c9171e02852a2f85c230fd86b298206a	USDT_TRX	asset-v2:bip122:00000000000000001ebf88508a03865c:TR7NHqjeKQxGTCi8q8ZY4pL8otSzgjLj6t	2025-03-28T14:56:39Z	70840183	0.9998505421756986	0	TAgEaCZGoReTs5WtKTbzDoVYMyioYCF4os	RECEIVING	0.01		
e985353674063fb03d52d1a1402885d1ac84ca092311aae357d1fafd00b2b4a2	USDT_TRX	asset-v2:bip122:00000000000000001ebf88508a03865c:TR7NHqjeKQxGTCi8q8ZY4pL8otSzgjLj6t	2025-03-29T06:26:36Z	70858776	0.999744659699428	0	TLaGjwhvA8XQYSxFAcAXy7Dvuue9eGYitv	SENDING	48	OKX.com	exchange
e985353674063fb03d52d1a1402885d1ac84ca092311aae357d1fafd00b2b4a2	USDT_TRX	asset-v2:bip122:00000000000000001ebf88508a03865c:TR7NHqjeKQxGTCi8q8ZY4pL8otSzgjLj6t	2025-03-29T06:26:36Z	70858776	0.999744659699428	0	TAgEaCZGoReTs5WtKTbzDoVYMyioYCF4os	RECEIVING	48		
d759c997126212bbf51181b6a0256abdaa81d873ee5caf1821876dc50acffb9c	USDT_TRX	asset-v2:bip122:00000000000000001ebf88508a03865c:TR7NHqjeKQxGTCi8q8ZY4pL8otSzgjLj6t	2025-03-29T06:55:36Z	70859356	0.999744659699428	0	TLaGjwhvA8XQYSxFAcAXy7Dvuue9eGYitv	SENDING	5077.726531	OKX.com	exchange
d759c997126212bbf51181b6a0256abdaa81d873ee5caf1821876dc50acffb9c	USDT_TRX	asset-v2:bip122:00000000000000001ebf88508a03865c:TR7NHqjeKQxGTCi8q8ZY4pL8otSzgjLj6t	2025-03-29T06:55:36Z	70859356	0.999744659699428	0	TAgEaCZGoReTs5WtKTbzDoVYMyioYCF4os	RECEIVING	5077.726531		
07c1dfc8aa6097f15baa3ff29557a41dcfa2d153a8c6aaad5b3822a19db4dd4d	USDT_TRX	asset-v2:bip122:00000000000000001ebf88508a03865c:TR7NHqjeKQxGTCi8q8ZY4pL8otSzgjLj6t	2025-03-29T07:19:48Z	70859840	0.9997721680192502	0	TLaGjwhvA8XQYSxFAcAXy7Dvuue9eGYitv	SENDING	18239.631617	OKX.com	exchange
07c1dfc8aa6097f15baa3ff29557a41dcfa2d153a8c6aaad5b3822a19db4dd4d	USDT_TRX	asset-v2:bip122:00000000000000001ebf88508a03865c:TR7NHqjeKQxGTCi8q8ZY4pL8otSzgjLj6t	2025-03-29T07:19:48Z	70859840	0.9997721680192502	0	TAgEaCZGoReTs5WtKTbzDoVYMyioYCF4os	RECEIVING	18239.631617		
6dec8fa9e56032136b2719496b404b7ffb555969650fcf029eedebf886b7ccd8	USDT_TRX	asset-v2:bip122:00000000000000001ebf88508a03865c:TR7NHqjeKQxGTCi8q8ZY4pL8otSzgjLj6t	2025-03-29T11:20:09Z	70864647	0.9996432059154264	0	TLaGjwhvA8XQYSxFAcAXy7Dvuue9eGYitv	SENDING	8199.237221	OKX.com	exchange
6dec8fa9e56032136b2719496b404b7ffb555969650fcf029eedebf886b7ccd8	USDT_TRX	asset-v2:bip122:00000000000000001ebf88508a03865c:TR7NHqjeKQxGTCi8q8ZY4pL8otSzgjLj6t	2025-03-29T11:20:09Z	70864647	0.9996432059154264	0	TAgEaCZGoReTs5WtKTbzDoVYMyioYCF4os	RECEIVING	8199.237221		
d922b316bb32cac73ff35ecaa3d506db940d97ba233e0101d4dbd33de8585170	USDT_TRX	asset-v2:bip122:00000000000000001ebf88508a03865c:TR7NHqjeKQxGTCi8q8ZY4pL8otSzgjLj6t	2025-03-30T05:40:33Z	70886649	0.9999859169882535	0	TAgEaCZGoReTs5WtKTbzDoVYMyioYCF4os	SENDING	50000		
d922b316bb32cac73ff35ecaa3d506db940d97ba233e0101d4dbd33de8585170	USDT_TRX	asset-v2:bip122:00000000000000001ebf88508a03865c:TR7NHqjeKQxGTCi8q8ZY4pL8otSzgjLj6t	2025-03-30T05:40:33Z	70886649	0.9999859169882535	0	TBgjERoUD8vWQcnskv5THst4hiRyHFGobD	RECEIVING	50000		
4dc0d731c5d94efefb9d48bc3044e6adfa0e874b2e0b4b4f0209ac66dea122f9	USDT_TRX	asset-v2:bip122:00000000000000001ebf88508a03865c:TR7NHqjeKQxGTCi8q8ZY4pL8otSzgjLj6t	2025-03-30T05:40:45Z	70886653	0.9999859169882535	0	TBgj4PwtTJ7cuMMafVViSFfG5SAhbFGobD	SENDING	0.050001		
4dc0d731c5d94efefb9d48bc3044e6adfa0e874b2e0b4b4f0209ac66dea122f9	USDT_TRX	asset-v2:bip122:00000000000000001ebf88508a03865c:TR7NHqjeKQxGTCi8q8ZY4pL8otSzgjLj6t	2025-03-30T05:40:45Z	70886653	0.9999859169882535	0	TAgEaCZGoReTs5WtKTbzDoVYMyioYCF4os	RECEIVING	0.050001		
